CREATE DATABASE  IF NOT EXISTS `cursosformacion` /*!40100 DEFAULT CHARACTER SET utf8mb4 COLLATE utf8mb4_0900_ai_ci */;
USE `cursosformacion`;
-- MySQL dump 10.13  Distrib 8.0.31, for Win64 (x86_64)
--
-- Host: 127.0.0.1    Database: cursosformacion
-- ------------------------------------------------------
-- Server version	8.0.11

/*!40101 SET @OLD_CHARACTER_SET_CLIENT=@@CHARACTER_SET_CLIENT */;
/*!40101 SET @OLD_CHARACTER_SET_RESULTS=@@CHARACTER_SET_RESULTS */;
/*!40101 SET @OLD_COLLATION_CONNECTION=@@COLLATION_CONNECTION */;
/*!50503 SET NAMES utf8 */;
/*!40103 SET @OLD_TIME_ZONE=@@TIME_ZONE */;
/*!40103 SET TIME_ZONE='+00:00' */;
/*!40014 SET @OLD_UNIQUE_CHECKS=@@UNIQUE_CHECKS, UNIQUE_CHECKS=0 */;
/*!40014 SET @OLD_FOREIGN_KEY_CHECKS=@@FOREIGN_KEY_CHECKS, FOREIGN_KEY_CHECKS=0 */;
/*!40101 SET @OLD_SQL_MODE=@@SQL_MODE, SQL_MODE='NO_AUTO_VALUE_ON_ZERO' */;
/*!40111 SET @OLD_SQL_NOTES=@@SQL_NOTES, SQL_NOTES=0 */;

--
-- Table structure for table `alumno`
--

DROP TABLE IF EXISTS `alumno`;
/*!40101 SET @saved_cs_client     = @@character_set_client */;
/*!50503 SET character_set_client = utf8mb4 */;
CREATE TABLE `alumno` (
  `DNI` varchar(150) NOT NULL,
  `NOMBRE` varchar(255) DEFAULT NULL,
  `LOCALIDAD` varchar(255) DEFAULT NULL,
  `CPOSTAL` varchar(255) DEFAULT NULL,
  `TELEFONO` varchar(255) DEFAULT NULL,
  `IBAN` varchar(34) DEFAULT NULL,
  `CORREO` varchar(100) DEFAULT NULL,
  PRIMARY KEY (`DNI`)
) ENGINE=InnoDB DEFAULT CHARSET=latin1;
/*!40101 SET character_set_client = @saved_cs_client */;

--
-- Dumping data for table `alumno`
--

LOCK TABLES `alumno` WRITE;
/*!40000 ALTER TABLE `alumno` DISABLE KEYS */;
INSERT INTO `alumno` VALUES ('1173391','GUTIERREZ MARTIN, JUAN JOSE','BADAJOZ','06006','924345268','ES121345268','GUTIE JOSE@GMAIL.COM'),('11841394','MAESTRE PEÑALBA, PATRICIA','BADAJOZ','06006','924345325','ES121345325',NULL),('11843671','TRUJILLO GALLEGO, MONICA','BADAJOZ','06006','','ES121345326','TRUJIONICA@GMAIL.COM'),('11843982','PLACER DE MIGUEL, VICTOR','BADAJOZ','06006','924345327','ES121345327','PLACEICTOR@GMAIL.COM'),('11844272','KAISSI CHERRIB, LAMIA','BADAJOZ','06006','924345328','ES121345328','KAISSLAMIA@GMAIL.COM'),('11845343','GIGORRO CUBERO, IZASKUN','BADAJOZ','06006','924345329','ES121345329','GIGORASKUN@GMAIL.COM'),('11849578','ROJAS GARCIA, MARTA','BADAJOZ','06006','924345330','ES121345330','ROJASMARTA@GMAIL.COM'),('11850727','SANCHEZ RUIZ, MARTA','BADAJOZ','06006','924345331','ES121345331','SANCHMARTA@GMAIL.COM'),('11850969','JARDON MENDEZ, MANUEL LEOPOLDO','BADAJOZ','06006','924345332','ES121345332','JARDOPOLDO@GMAIL.COM'),('11851761','CRISTINA FERNANDEZ, ROBERTO','BADAJOZ','06006',NULL,'ES121345333','CRISTBERTO@GMAIL.COM'),('11852345','ALONSO MUÑOZ, ALEJANDRO','BADAJOZ','06006','924345334','ES121345334','ALONSANDRO@GMAIL.COM'),('14308556','COLINA MORA, ANGEL','BADAJOZ','06006','924345335','ES121345335','COLINANGEL@GMAIL.COM'),('1932986','MUÑOZ SANCHEZ, DAVID','BADAJOZ','06006','924345269','ES121345269','MUÑOZDAVID@GMAIL.COM'),('1933685','COBO LENDINEZ, JUAN ANTONIO','BADAJOZ','06006','924345270','ES121345270','COBO TONIO@GMAIL.COM'),('1937101','ALONSO GARCIA, JESUS','BADAJOZ','06006','924345271','ES121345271','ALONSJESUS@GMAIL.COM'),('2238233','COBOS MARTIN, ANA BELEN','BADAJOZ','06006','924345272','ES121345272','COBOSBELEN@GMAIL.COM'),('2263918','GARCIA BALLESTEROS, MYRIAM','BADAJOZ','06006','924345273','ES121345273','GARCIYRIAM@GMAIL.COM'),('2267650','ARIAS ESCOLAR, MARI CARMEN','BADAJOZ','06006','924345274','ES121345274',NULL),('2269028','MOLINERO RODRIGUEZ, FERNANDO',NULL,NULL,'924345275','ES121345275','MOLINNANDO@GMAIL.COM'),('2270188','LOPEZ GIL, CRISTINA','BADAJOZ','06006','924345276','ES121345276','LOPEZSTINA@GMAIL.COM'),('2271897','CARRASCO GAMEZ, FRANCISCO JAVIER','BADAJOZ','06006','924345277','ES121345277','CARRAAVIER@GMAIL.COM'),('2272581','RODRIGUEZ MERINERO, MARTA','BADAJOZ','06006','924345278','ES121345278','RODRIMARTA@GMAIL.COM'),('2276630','GALAN DOMINGUEZ, DIANA','BADAJOZ','06006','924345279','ES121345279','GALANDIANA@GMAIL.COM'),('2276800','SALAS FERNANDEZ, CLARA','BADAJOZ','06006',NULL,'ES121345280','SALASCLARA@GMAIL.COM'),('2277835','BONILLA PINTADO, PATRICIA','BADAJOZ','06006',NULL,'ES121345281','BONILRICIA@GMAIL.COM'),('2278639','LANDETE MANTEROLA, JAVIER','BADAJOZ','06006','924345282','ES121345282','LANDEAVIER@GMAIL.COM'),('2282590','TORRICO PORTERO, PAULA','BADAJOZ','06006','924345283','ES121345283','TORRIPAULA@GMAIL.COM'),('2283491','RIVAS CARRASCO, EDUARDO','BADAJOZ','06006','924345284','ES121345284','RIVASUARDO@GMAIL.COM'),('2284256','PLAZA NAVAS, ROCIO','BADAJOZ','06006',NULL,'ES121345285','PLAZAROCIO@GMAIL.COM'),('2647631','SOBRADO PANIAGUA, SARA','BADAJOZ','06006','924345286','ES121345286',NULL),('2649085','MALAGON GOMEZ, DAVID','BADAJOZ','06006','924345287','ES121345287','MALAGDAVID@GMAIL.COM'),('2659710','GARCIA VOCES, JUAN PEDRO','BADAJOZ','06006','924345288','ES121345288','GARCIPEDRO@GMAIL.COM'),('2666680','PEREZ SANCHEZ, MARIA JESUS','BADAJOZ','06006',NULL,'ES121345289','PEREZJESUS@GMAIL.COM'),('2667675','NAVARRO CABEZAS, MARIA IMILCE','BADAJOZ','06006','924345290','ES121345290','NAVARMILCE@GMAIL.COM'),('2668273','MERINO ESPINOSA, ROCIO','BADAJOZ','06006','924345291','ES121345291','MERINROCIO@GMAIL.COM'),('2669111','LEAL ALCOCER, ALEJANDRO','BADAJOZ','06006','924345292','ES121345292','LEAL ANDRO@GMAIL.COM'),('2669560','CHEN LIN, LIJUN','BADAJOZ','06006',NULL,'ES121345293','CHEN LIJUN@GMAIL.COM'),('2669749','MARCOS TEJADA, RODRIGO','BADAJOZ','06006','924345294','ES121345294',NULL),('2670956','GANDARA VALVERDE, CARLOS EUFRASIO','BADAJOZ','06006','924345295','ES121345295','GANDARASIO@GMAIL.COM'),('30745766','DIEZ SANCHEZ, JORGE','BADAJOZ','06006','924345336','ES121345336','DIEZ JORGE@GMAIL.COM'),('3093893','BASCO ANTONA, EVA','BADAJOZ','06006','924345296','ES121345296','BASCO, EVA@GMAIL.COM'),('32703586','SERRANO BLANCO, LORETO','BADAJOZ','06006','924345337','ES121345337','SERRAORETO@GMAIL.COM'),('33523948','DIMITROVA METCHKAROVA, GUERGANA','BADAJOZ','06006','924345338','ES121345338','DIMITRGANA@GMAIL.COM'),('3867773','JIMENEZ CAMPOS, TERESA','BADAJOZ','06006','924345297','ES121345297','JIMENERESA@GMAIL.COM'),('3877296','GARAYALDE LOPEZ, MIREN ELISABET','BADAJOZ','06006','924345298','ES121345298','GARAYSABET@GMAIL.COM'),('3888843','MARIN CHICHARRO, LAURA','BADAJOZ','06006','924345299','ES121345299','MARINLAURA@GMAIL.COM'),('3897830','CAMPO ARRANZ, RAQUEL','BADAJOZ','06006','924345300','ES121345300','CAMPOAQUEL@GMAIL.COM'),('3898800','FERNANDEZ DE CORDOBA GOMEZ, ANA CRISTINA','BADAJOZ','06006','924345301','ES121345301','FERNASTINA@GMAIL.COM'),('3899484','SUAREZ GONZALEZ, LAURA','BADAJOZ','06006','924345302','ES121345302','SUARELAURA@GMAIL.COM'),('3900635','MARIN LANCHA, RUBEN','BADAJOZ','06006','924345303','ES121345303','MARINRUBEN@GMAIL.COM'),('3904537','ATANASIO JIMENEZ, NURIA','BADAJOZ','06006','924345304','ES121345304','ATANANURIA@GMAIL.COM'),('3904786','ROLDAN RODRIGUEZ, MARIA DEL CARMEN','BADAJOZ','06006','924345305','ES121345305','ROLDAARMEN@GMAIL.COM'),('3905226','SERRANO AVILA, BEATRIZ','BADAJOZ','06006','924345306','ES121345306','SERRAATRIZ@GMAIL.COM'),('3905411','GARCIA LOPEZ, ELENA','BADAJOZ','06006','924345307','ES121345307','GARCIELENA@GMAIL.COM'),('3907718','QUINTANA GARCIA, MIGUEL ANGEL','BADAJOZ','06006','924345308','ES121345308','QUINTANGEL@GMAIL.COM'),('3907803','GUTIERREZ LLORENTE, MA DEL CARMEN','BADAJOZ','06006','924345309','ES121345309','GUTIEARMEN@GMAIL.COM'),('4213464','REYES DE FRUTOS, ESTHER','BADAJOZ','06006','924345310','ES121345310','REYESSTHER@GMAIL.COM'),('4214130','LEON RODRIGUEZ, BEGOÑA DE','BADAJOZ','06006','924345311','ES121345311','LEON ÑA DE@GMAIL.COM'),('4216552','SEVILLA SANTIAGO, INES','BADAJOZ','06006','924345312','ES121345312','SEVIL INES@GMAIL.COM'),('4216993','ALONSO NICOLAS, CRISTINA','BADAJOZ','06006','924345313','ES121345313','ALONSSTINA@GMAIL.COM'),('43125083','BAENA MEDINA, MARIA CARMEN','MERIDA','06800','924345340','ES121345340','BAENAARMEN@GMAIL.COM'),('46841117','TORRES AGUILERA, EDUARDO','MERIDA','06800','924345341','ES121345341','TORREUARDO@GMAIL.COM'),('46845978','JIMENEZ SUAREZ, ALBERTO','MERIDA','06800','924345342','ES121345342','JIMENBERTO@GMAIL.COM'),('46851690','MENGUEZ MURCIANO, DAVID','MERIDA','06800','924345343','ES121345343','MENGUDAVID@GMAIL.COM'),('46922311','COLOMO GOMEZ, MARCIAL','MERIDA','06800','924345344','ES121345344','COLOMRCIAL@GMAIL.COM'),('46924533','TORREÑO CARRERA, JUAN ANTONIO','MERIDA','06800','924345345','ES121345345','TORRETONIO@GMAIL.COM'),('46925960','CUADRADO GUTIERREZ, LORENA','MERIDA','06800','924345346','ES121345346','CUADRORENA@GMAIL.COM'),('46928330','RODRIGUEZ MOGOLLON, SILVIA','MERIDA','06800','924345347','ES121345347','RODRIILVIA@GMAIL.COM'),('46928725','LOPEZ DIAZ, VANESA','MERIDA','06800','924345348','ES121345348','LOPEZANESA@GMAIL.COM'),('46938891','CORDON HORNILLOS, SARA','MERIDA','06800','924345349','ES121345349','CORDO SARA@GMAIL.COM'),('47024986','JUNCO MOLPECERES, RAMON','MERIDA','06800','924345350','ES121345350','JUNCORAMON@GMAIL.COM'),('47031921','ARROYO NOBLEJAS, MARIA LUISA','MERIDA','06800','924345351','ES121345351','ARROYLUISA@GMAIL.COM'),('47034100','VILCHES SERRANO, ALFONSO','MERIDA','06800','924345352','ES121345352','VILCHFONSO@GMAIL.COM'),('47034404','MOLINA GOMEZ, DANIEL','MERIDA','06800','924345353','ES121345353','MOLINANIEL@GMAIL.COM'),('47035769','MUÑOZ MUÑOZ, SARA',NULL,NULL,'924345354','ES121345354','MUÑOZ SARA@GMAIL.COM'),('47042006','ROL OLIVER, GLORIA','ZAFRA','06300','924345355','ES121345355','ROL OLORIA@GMAIL.COM'),('47042385','GRANJA ROCA, ALBA','ZAFRA','06300','924345356','ES121345356','GRANJ ALBA@GMAIL.COM'),('47042399','GALLEGO RODRIGUEZ, RAQUEL','ZAFRA','06300','924345357','ES121345357','GALLEAQUEL@GMAIL.COM'),('47044073','LOPEZ ALAEZ, SARAY','ZAFRA','06300','924345358','ES121345358','LOPEZSARAY@GMAIL.COM'),('47045618','DOMINGUEZ RUBIO, BEGOÑA','ZAFRA','06300','924345359','ES121345359','DOMINEGOÑA@GMAIL.COM'),('47046526','VARA PEREZ, BERTA','ZAFRA','06300','924345360','ES121345360','VARA BERTA@GMAIL.COM'),('47046930','BLANCO MURILLO, CRISTINA','ZAFRA','06300','924345361','ES121345361','BLANCSTINA@GMAIL.COM'),('47047937','ALBILLO ARRIBAS, JOSE IGNACIO','ZAFRA','06300','924345362','ES121345362','ALBILNACIO@GMAIL.COM'),('47049228','SIMON LOPEZ, MARIA','ZAFRA','06300','924345363','ES121345363','SIMONMARIA@GMAIL.COM'),('47049316','RAMIREZ SIERRA, MARIA','ZAFRA','06300','924345364','ES121345364','RAMIRMARIA@GMAIL.COM'),('47049392','LOPEZ DE LA VIEJA NUÑEZ, MARTA','ZAFRA','06300','924345365','ES121345365','LOPEZMARTA@GMAIL.COM'),('47217990','CUESTA SANCHEZ, FRANCISCO','ZAFRA','06300','924345366','ES121345366','CUESTCISCO@GMAIL.COM'),('47220902','LOPEZ TOURON, VANESSA','ZAFRA','06300','924345367','ES121345367','LOPEZNESSA@GMAIL.COM'),('47280013','RODRIGUEZ MORENO, JOSE ANGEL','ZAFRA','06300','924345368','ES121345368','RODRIANGEL@GMAIL.COM'),('47301118','PRIETO MURILLO, JOSE CARLOS','ZAFRA','06300','924345369','ES121345369','PRIETARLOS@GMAIL.COM'),('47302239','BENAYAS NIETO, BEATRIZ','ZAFRA','06300','924345370','ES121345370','BENAYATRIZ@GMAIL.COM'),('47450428','GUARIDO RINCON, ALEJANDRO','ZAFRA','06300','924345371','ES121345371','GUARIANDRO@GMAIL.COM'),('47456054','ENCINAS ORTIZ, CRISTINA','ZAFRA','06300','924345372','ES121345372','ENCINSTINA@GMAIL.COM'),('47456601','CUMPLIDO JIMENEZ, M. ESMERALDA','ZAFRA','06300','924345373','ES121345373','CUMPLRALDA@GMAIL.COM'),('47457503','YEBENES CALVINO, M. DEL MAR','ZAFRA','06300','924345374','ES121345374','YEBENL MAR@GMAIL.COM'),('47457939','CARO RODRIGUEZ, MIGUEL ANGEL','ZAFRA','06300','924345375','ES121345375','CARO ANGEL@GMAIL.COM'),('47458251','RODAS YLLATOPA, JAKELIN','ZAFRA','06300','924345376','ES121345376','RODASKELIN@GMAIL.COM'),('47458460','GONZALEZ GARCIA, EDUARDO','ZAFRA','06300','924345377','ES121345377','GONZAUARDO@GMAIL.COM'),('47458552','LOPEZ TUDELA, LAURA','ZAFRA','06300','924345378','ES121345378','LOPEZLAURA@GMAIL.COM'),('47458849','MONTES VILLASEVIL, MIRIAM','ZAFRA','06300','924345379','ES121345379','MONTEIRIAM@GMAIL.COM'),('47459361','ONRAITA CACHAFEIRO, MARIA INES','ZAFRA','06300','924345380','ES121345380','ONRAI INES@GMAIL.COM'),('47460015','MANUEL PEDROSA, NOELIA DE','ZAFRA','06300','924345381','ES121345381','MANUEIA DE@GMAIL.COM'),('47491189','BENITO GARCIA, MIGUEL','ZAFRA','06300','924345382','ES121345382','BENITIGUEL@GMAIL.COM'),('47495786','PAJARES PALMA, BLANCA','ZAFRA','06300','924345383','ES121345383','PAJARLANCA@GMAIL.COM'),('47496281','MARTIN MORA, ADRIAN','ZAFRA','06300','924345384','ES121345384','MARTIDRIAN@GMAIL.COM'),('47497218','HERRANZ FERNANDEZ, ALICIA','ZAFRA','06300','924345385','ES121345385','HERRALICIA@GMAIL.COM'),('47499160','LOZANO SANCHEZ, DAVID','ZAFRA','06300','924345386','ES121345386','LOZANDAVID@GMAIL.COM'),('48997059','POS SANCHEZ, CAROLINA','ZAFRA','06300','924345387','ES121345387','POS SOLINA@GMAIL.COM'),('48997274','SANCHEZ LAHUERTA, JOSE MANUEL','ZAFRA','06300','924345388','ES121345388','SANCHANUEL@GMAIL.COM'),('49003272','ALGABA DIEZ, NURIA','ZAFRA','06300','924345389','ES121345389','ALGABNURIA@GMAIL.COM'),('49003605','SANCHEZ ALCARAZ, ALMUDENA','ZAFRA','06300','924345390','ES121345390','SANCHUDENA@GMAIL.COM'),('49004517','VALDES MARTIN, EVA','ZAFRA','06300','924345391','ES121345391','VALDE, EVA@GMAIL.COM'),('49004747','GUTIERREZ TABLADO, RAQUEL','ZAFRA','06300','924345392','ES121345392','GUTIEAQUEL@GMAIL.COM'),('49005132','PINEDO VARA, CARLOS','ZAFRA','06300','924345393','ES121345393','PINEDARLOS@GMAIL.COM'),('49006338','GONZALEZ DELGADO, MARCOS','ZAFRA','06300','924345394','ES121345394','GONZAARCOS@GMAIL.COM'),('49011941','GARCIA SANCHEZ, PABLO','ZAFRA','06300','924345395','ES121345395','GARCIPABLO@GMAIL.COM'),('49013123','DIAZ HERNANDEZ, ANGEL JULIAN','ZAFRA','06300','924345396','ES121345396','DIAZ ULIAN@GMAIL.COM'),('49013614','APARICIO MORENILLA, RAQUEL','ZAFRA','06300','924345397','ES121345397','APARIAQUEL@GMAIL.COM'),('49013775','MARTINEZ GUARDIA, DAVID','ZAFRA','06300','924345398','ES121345398','MARTIDAVID@GMAIL.COM'),('49013815','GAYOL PINTADO, JAVIER','ZAFRA','06300','924345399','ES121345399','GAYOLAVIER@GMAIL.COM'),('49013889','DOMINGUEZ GARCIA, IRENE','ZAFRA','06300','924345400','ES121345400','DOMINIRENE@GMAIL.COM'),('49013944','HERNANDEZ MATUTE, JORGE','ZAFRA','06300','924345401','ES121345401','HERNAJORGE@GMAIL.COM'),('49014316','ARRIBAS RODRIGUEZ, DIANA','ZAFRA','06300','924345402','ES121345402','ARRIBDIANA@GMAIL.COM'),('49015728','PEREIRA MORENA, CAROLINA','ZAFRA','06300','924345403','ES121345403','PEREIOLINA@GMAIL.COM'),('49016849','PESCADOR SANCHEZ, ANA ISABEL','ZAFRA','06300','924345404','ES121345404','PESCASABEL@GMAIL.COM'),('49017419','GALLARDO SANCHEZ, Mª CARMEN','ZAFRA','06300','924345405','ES121345405','GALLAARMEN@GMAIL.COM'),('49017896','MARTIN DIAZ, ANA M.','ZAFRA','06300','924345406','ES121345406','MARTINA M.@GMAIL.COM'),('49018965','BORONDO COBO, ANTONIO','ZAFRA','06300','924345407','ES121345407','BORONTONIO@GMAIL.COM'),('49020051','PEREZ LOPEZ, RICARDO','ZAFRA','06300','924345408','ES121345408','PEREZCARDO@GMAIL.COM'),('50107211','GONZALEZ PARRA, JESUS','ZAFRA','06300','924345409','ES121345409','GONZAJESUS@GMAIL.COM'),('50113980','NEVARES MORENO, MARIO','ZAFRA','06300','924345410','ES121345410','NEVARMARIO@GMAIL.COM'),('50117251','CHIAS MARCHIANDI, PALOMA','ZAFRA','06300','924345411','ES121345411','CHIASALOMA@GMAIL.COM'),('50119480','TORNOS YEBES, JESSICA','ZAFRA','06300','924345412','ES121345412','TORNOSSICA@GMAIL.COM'),('50127926','GUTIERREZ GARCIA, PATRICIA','ZAFRA','06300','924345413','ES121345413','GUTIERICIA@GMAIL.COM'),('50128111','HERNANDEZ CASTILLA, VERONICA','ZAFRA','06300','924345414','ES121345414','HERNAONICA@GMAIL.COM'),('50128158','ROMERA ALVAREZ, M. ROSARIO','ZAFRA','06300','924345415','ES121345415','ROMERSARIO@GMAIL.COM'),('50129298','DIAZ GONZALEZ, MARCOS','ZAFRA','06300','924345416','ES121345416','DIAZ ARCOS@GMAIL.COM'),('50129650','YUSTE JIMENEZ, DAVID','ZAFRA','06300','924345417','ES121345417','YUSTEDAVID@GMAIL.COM'),('50211749','RODRIGUEZ DE VICENTE, ALFREDO','ZAFRA','06300','924345418','ES121345418','RODRIFREDO@GMAIL.COM'),('50218486','GONZALEZ MARTIN, SARA','ZAFRA','06300','924345419','ES121345419','GONZA SARA@GMAIL.COM'),('50220753','MARTIN NIETO, BELEN','ZAFRA','06300','924345420','ES121345420','MARTIBELEN@GMAIL.COM'),('50221127','MERINO ALVAREZ, DAVID','ZAFRA','06300','924345421','ES121345421','MERINDAVID@GMAIL.COM'),('50221454','ORELLANA MORILLAS, JOSE LUIS','ZAFRA','06300','924345422','ES121345422','ORELL LUIS@GMAIL.COM'),('50221778','DIAZ PAGE, ARTURO ANGEL','ZAFRA','06300','924345423','ES121345423','DIAZ ANGEL@GMAIL.COM'),('50222200','HERRANZ DIAZ, RAQUEL','ZAFRA','06300','924345424','ES121345424','HERRAAQUEL@GMAIL.COM'),('50222579','SANCHEZ FERNANDEZ, ELENA','ZAFRA','06300','924345425','ES121345425','SANCHELENA@GMAIL.COM'),('50222877','BARREIROS GARCIA, PILAR','ZAFRA','06300','924345426','ES121345426','BARREPILAR@GMAIL.COM'),('50224174','SANZ ARCAS, MARIA ELENA','ZAFRA','06300','924345427','ES121345427','SANZ ELENA@GMAIL.COM'),('50318962','SISON MENA, ELENA','ZAFRA','06300','924345428','ES121345428','SISONELENA@GMAIL.COM'),('50323408','CRESPO NUÑEZ, DAVID','ZAFRA','06300','924345429','ES121345429','CRESPDAVID@GMAIL.COM'),('50443489','PEÑUELAS FERNANDEZ, LUIS','ZAFRA','06300','924345430','ES121345430','PEÑUE LUIS@GMAIL.COM'),('50466830','LOPEZ YUSTA, M TERESA','ZAFRA','06300','924345431','ES121345431','LOPEZERESA@GMAIL.COM'),('50542633','VALADES FERNANDEZ, LAURA','ZAFRA','06300','924345432','ES121345432','VALADLAURA@GMAIL.COM'),('50542635','MONTERO MARTIN, ARACELI','ZAFRA','06300','924345433','ES121345433','MONTEACELI@GMAIL.COM'),('50543536','SANTO TOMAS AGULLO, LUIS','ZAFRA','06300','924345434','ES121345434','SANTO LUIS@GMAIL.COM'),('50543825','LOZOYA NOMBELA, M.DEL SAGRARIO DE','ZAFRA','06300','924345435','ES121345435','LOZOYIO DE@GMAIL.COM'),('50543951','ALVAREZ BERMEJO, JOSE','ZAFRA','06300','924345436','ES121345436','ALVAR JOSE@GMAIL.COM'),('50733568','VICENTE ROSA, ANA MARIA','ZAFRA','06300','924345437','ES121345437','VICENMARIA@GMAIL.COM'),('50739304','VILLAR SAEZ, JESUS','ZAFRA','06300','924345438','ES121345438','VILLAJESUS@GMAIL.COM'),('50741553','GARCIA MEDINA, NURIA','ZAFRA','06300','924345439','ES121345439','GARCINURIA@GMAIL.COM'),('50741554','GARCIA SANCHEZ, ANTONIO','ZAFRA','06300','924345440','ES121345440','GARCITONIO@GMAIL.COM'),('50749620','DOMINGUEZ SAIZ, CAROLINA','ZAFRA','06300','924345441','ES121345441','DOMINOLINA@GMAIL.COM'),('50751029','JUAN MUÑOZ, IVAN','ZAFRA','06300','924345442','ES121345442','JUAN  IVAN@GMAIL.COM'),('50752579','PEÑA LOPEZ, MARIA TERESA','ZAFRA','06300','924345443','ES121345443','PEÑA ERESA@GMAIL.COM'),('50753061','LOPEZ LANCHO, ANA MARIA','ZAFRA','06300','924345444','ES121345444','LOPEZMARIA@GMAIL.COM'),('50754253','CABELLO GUTIERREZ, TANIA','ZAFRA','06300','924345445','ES121345445','CABELTANIA@GMAIL.COM'),('50755331','HERNANDEZ PEREZ, SARA','ZAFRA','06300','924345446','ES121345446','HERNA SARA@GMAIL.COM'),('50755563','GARROTE SANCHEZ, DANIEL','ZAFRA','06300','924345447','ES121345447','GARROANIEL@GMAIL.COM'),('50755712','SANCHEZ CISNEROS, PEDRO','ZAFRA','06300','924345448','ES121345448','SANCHPEDRO@GMAIL.COM'),('50755775','GIL TOLMO, CRISTINA','ZAFRA','06300','924345449','ES121345449','GIL TSTINA@GMAIL.COM'),('50756221','FERNANDEZ GARCIA-OCHOA, SANTIAGO','ZAFRA','06300','924345450','ES121345450','FERNATIAGO@GMAIL.COM'),('50868738','CALLAU ZORI, MARIA DEL MAR','ZAFRA','06300','924345451','ES121345451','CALLAL MAR@GMAIL.COM'),('50875209','PASTOR CAMPOS, MARIA DEL MAR','ZAFRA','06300','924345452','ES121345452','PASTOL MAR@GMAIL.COM'),('50880732','FERNANDEZ HERREROS, ANA','ZAFRA','06300','924345453','ES121345453','FERNA, ANA@GMAIL.COM'),('50884239','FLORES BARRERO, NURIA','ZAFRA','06300','924345454','ES121345454','FLORENURIA@GMAIL.COM'),('50885221','PEREZ MARTINEZ, SERGIO','ZAFRA','06300','924345455','ES121345455','PEREZERGIO@GMAIL.COM'),('50885336','GUILLEN ALONSO, OSCAR','ZAFRA','06300','924345456','ES121345456','GUILLOSCAR@GMAIL.COM'),('50885927','ALBA RODRIGUEZ, DAVID','ZAFRA','06300','924345457','ES121345457','ALBA DAVID@GMAIL.COM'),('50886453','SAEZ RAMOS, GUADALUPE','ZAFRA','06300','924345458','ES121345458','SAEZ ALUPE@GMAIL.COM'),('50886959','SANCHEZ MORENO, MIGUEL ANGEL','ZAFRA','06300','924345459','ES121345459','SANCHANGEL@GMAIL.COM'),('50887483','CARRION MARTINEZ, MIRIAM','ZAFRA','06300','924345460','ES121345460','CARRIIRIAM@GMAIL.COM'),('50888252','AGUILAR GONZALEZ, SALVADOR R','ZAFRA','06300','924345461','ES121345461','AGUILDOR R@GMAIL.COM'),('50891348','CASTRO MULAS, MARTA','ZAFRA','06300','924345462','ES121345462','CASTRMARTA@GMAIL.COM'),('51076828','FERNANDEZ CASTELLANO, ISMAEL','ZAFRA','06300','924345463','ES121345463','FERNASMAEL@GMAIL.COM'),('51083987','LIBRAN FRAILE, ISABEL','ZAFRA','06300','924345464','ES121345464','LIBRASABEL@GMAIL.COM'),('51087952','ORTEGA ARRANZ, CARLOS','ZAFRA','06300','924345465','ES121345465','ORTEGARLOS@GMAIL.COM'),('51093870','REVILLA HERRANZ, VIRGINIA','ZAFRA','06300','924345466','ES121345466','REVILGINIA@GMAIL.COM'),('51096901','HIDALGO BLAZQUEZ, VICTOR MANUEL','ZAFRA','06300','924345467','ES121345467','HIDALANUEL@GMAIL.COM'),('51097958','RODRIGUEZ GIL-ORTEGA, MARIA ISABEL','ZAFRA','06300','924345468','ES121345468','RODRISABEL@GMAIL.COM'),('51449111','GUERRERO DURANGO, ANGEL','ZAFRA','06300','924345469','ES121345469','GUERRANGEL@GMAIL.COM'),('51455418','TENA COBOS, ESTHER','ZAFRA','06300','924345470','ES121345470','TENA STHER@GMAIL.COM'),('51457246','DIAZ HERNANDEZ, RAUL','ZAFRA','06300','924345471','ES121345471','DIAZ  RAUL@GMAIL.COM'),('51457720','CONDE RODRIGUEZ, MANUEL','ZAFRA','06300','924345472','ES121345472','CONDEANUEL@GMAIL.COM'),('51458752','GORDO TAEÑO, VICTOR','ZAFRA','06300','924345473','ES121345473','GORDOICTOR@GMAIL.COM'),('51458893','MANCHON PEREZ, ELENA','ZAFRA','06300','924345474','ES121345474','MANCHELENA@GMAIL.COM'),('51927823','MARTIN PERALTA, CRISTINA','ZAFRA','06300','924345475','ES121345475','MARTISTINA@GMAIL.COM'),('51985756','BOCERO CRUZ, MONICA','ZAFRA','06300','924345476','ES121345476','BOCERONICA@GMAIL.COM'),('52107712','GONZALEZ TRABADO, ANA','ZAFRA','06300','924345477','ES121345477','GONZA, ANA@GMAIL.COM'),('52355704','PUERTO MOYA, ISABEL DEL','ZAFRA','06300','924345478','ES121345478','PUERTL DEL@GMAIL.COM'),('52860180','RAMOS MOÑINO, GUADALUPE','ZAFRA','06300','924345479','ES121345479','RAMOSALUPE@GMAIL.COM'),('52887513','ABAD ROBLES, ARANZAZU','ZAFRA','06300','924345480','ES121345480','ABAD NZAZU@GMAIL.COM'),('52959160','SANCHEZ RUIZ, LAURA','ZAFRA','06300','924345481','ES121345481','SANCHLAURA@GMAIL.COM'),('52964122','MARCOS MAYORDOMO, JAVIER','ZAFRA','06300','924345482','ES121345482','MARCOAVIER@GMAIL.COM'),('52975621','PASTRANA PORTILLO, DANIEL','ZAFRA','06300','924345483','ES121345483','PASTRANIEL@GMAIL.COM'),('52978402','FORONDA DELGADO, ALBERTO','ZAFRA','06300','924345484','ES121345484','FORONBERTO@GMAIL.COM'),('52980097','GUO , XIAOLI','ZAFRA','06300','924345485','ES121345485','GUO ,IAOLI@GMAIL.COM'),('52980664','PRAENA SANCHEZ, JONATHAN','ZAFRA','06300','924345486','ES121345486','PRAENATHAN@GMAIL.COM'),('52984948','PEREZ SANCHEZ, MARTA JULIA','ZAFRA','06300','924345487','ES121345487','PEREZJULIA@GMAIL.COM'),('52997923','MOZAS VOZMEDIANO, PATRICIA','ZAFRA','06300','924345488','ES121345488','MOZASRICIA@GMAIL.COM'),('52999706','OSPINA TOVAR, JAIME EDUARDO','ZAFRA','06300','924345489','ES121345489','OSPINUARDO@GMAIL.COM'),('52999879','TALAVERA MARTIN, FRANCISCO JAVIER','ZAFRA','06300','924345490','ES121345490','TALAVAVIER@GMAIL.COM'),('53022980','GONZALEZ MARTIN, BEATRIZ','ZAFRA','06300','924345491','ES121345491','GONZAATRIZ@GMAIL.COM'),('53047850','VINUESA GOMEZ, LAURA','ZAFRA','06300','924345492','ES121345492','VINUELAURA@GMAIL.COM'),('53049672','LOPEZ DEL AMO, SONIA','ZAFRA','06300','924345493','ES121345493','LOPEZSONIA@GMAIL.COM'),('53105927','ESTANGUI SANCHEZ ESCRIBANO, SONIA','ZAFRA','06300','924345494','ES121345494','ESTANSONIA@GMAIL.COM'),('53132863','GOMEZ DIAZ, M. DEL CAMINO','ZAFRA','06300','924345495','ES121345495','GOMEZAMINO@GMAIL.COM'),('53134085','SAUCE GUERRA, SERGIO','ZAFRA','06300','924345496','ES121345496','SAUCEERGIO@GMAIL.COM'),('53137477','RUEDAS SANCHEZ, ANGEL','ZAFRA','06300','924345497','ES121345497','RUEDAANGEL@GMAIL.COM'),('53386548','GARCIA DE LA TORRE, TERESA','ZAFRA','06300','924345498','ES121345498','GARCIERESA@GMAIL.COM'),('53389834','SALVADOR GARCIA, JOSE PABLO','ZAFRA','06300','924345499','ES121345499','SALVAPABLO@GMAIL.COM'),('53389853','NEVADO ZURITA, JOSE','ZAFRA','06300','924345500','ES121345500','NEVAD JOSE@GMAIL.COM'),('53390061','CASTELLANOS SANCHEZ, LETICIA','ZAFRA','06300','924345501','ES121345501','CASTETICIA@GMAIL.COM'),('53392543','GARCIA BARARADO, JAVIER','ZAFRA','06300','924345502','ES121345502','GARCIAVIER@GMAIL.COM'),('53416739','MADRIGAL VICENTE, AZUCENA','ZAFRA','06300','924345503','ES121345503','MADRIUCENA@GMAIL.COM'),('53417961','CAMPILLO RODRIGUEZ, SILVIA','ZAFRA','06300','924345504','ES121345504','CAMPIILVIA@GMAIL.COM'),('53418213','VILLASEÑOR ROMAN, MARIA NIEVES','ZAFRA','06300','924345505','ES121345505','VILLAIEVES@GMAIL.COM'),('53418326','GUTIERREZ GONZALEZ, ANA VICTORIA','ZAFRA','06300','924345506','ES121345506','GUTIETORIA@GMAIL.COM'),('53419163','MANCHON MUÑOZ, BEGOÑA','ZAFRA','06300','924345507','ES121345507','MANCHEGOÑA@GMAIL.COM'),('53419959','GUILLEN ALVAREZ, FERNANDO','ZAFRA','06300','924345508','ES121345508','GUILLNANDO@GMAIL.COM'),('53420473','TORRE CABRERO, DELIA ANA','ZAFRA','06300','924345509','ES121345509','TORREA ANA@GMAIL.COM'),('53422123','RUIZ PORTANOVA, NOELIA','ZAFRA','06300','924345510','ES121345510','RUIZ OELIA@GMAIL.COM'),('53422257','HERRAEZ PEREZ, SARA','ZAFRA','06300','924345511','ES121345511','HERRA SARA@GMAIL.COM'),('53422330','MUÑOZ PEÑA, PABLO','ZAFRA','06300','924345512','ES121345512','MUÑOZPABLO@GMAIL.COM'),('53423041','HERRAIZ SALAN, ANGEL','ZAFRA','06300','924345513','ES121345513','HERRAANGEL@GMAIL.COM'),('53423243','VIERA ROMERAL, JUAN JOSE','ZAFRA','06300','924345514','ES121345514','VIERA JOSE@GMAIL.COM'),('53423313','JIMENEZ RODRIGUEZ, BORIS','ZAFRA','06300','924345515','ES121345515','JIMENBORIS@GMAIL.COM'),('53423815','RODRIGUEZ BENITO, ANGELINA',NULL,NULL,'924345516','ES121345516','RODRIELINA@GMAIL.COM'),('53423817','GARCIA MANCHA, NOELIA','VILLAFRANCA','06220','924345517','ES121345517','GARCIOELIA@GMAIL.COM'),('53423916','PALENCIA LOPEZ, RAUL','VILLAFRANCA','06220','924345518','ES121345518','PALEN RAUL@GMAIL.COM'),('53424700','RODRIGUEZ PANDO, BARBARA','VILLAFRANCA','06220','924345519','ES121345519','RODRIRBARA@GMAIL.COM'),('53425387','ARSUAGA BENITO, M. ELENA','VILLAFRANCA','06220','924345520','ES121345520','ARSUAELENA@GMAIL.COM'),('53428006','VALENZUELA GONZALEZ, ARANZAZU','VILLAFRANCA','06220','924345521','ES121345521','VALENNZAZU@GMAIL.COM'),('53431089','ARROYO NIETO, DAVID','VILLAFRANCA','06220','924345522','ES121345522','ARROYDAVID@GMAIL.COM'),('53432616','VELAZQUEZ JARILLO, AGUSTIN','VILLAFRANCA','06220','924345523','ES121345523','VELAZUSTIN@GMAIL.COM'),('53433387','GARRIDO EGEA, JUAN','VILLAFRANCA','06220','924345524','ES121345524','GARRI JUAN@GMAIL.COM'),('53434567','HERMIDA AYALA, LOURDES A','VILLAFRANCA','06220','924345525','ES121345525','HERMIDES A@GMAIL.COM'),('53442156','LOPEZ OLIVARES, PABLO','VILLAFRANCA','06220','924345526','ES121345526','LOPEZPABLO@GMAIL.COM'),('53446287','CHICA ARROYO, JAVIER','VILLAFRANCA','06220','924345527','ES121345527','CHICAAVIER@GMAIL.COM'),('53446583','PEREZ MARINA, ANGEL ARTURO','VILLAFRANCA','06220','924345528','ES121345528','PEREZRTURO@GMAIL.COM'),('53446663','FERNANDEZ SANCHEZ, LIDIA',NULL,NULL,'924345529','ES121345529','FERNALIDIA@GMAIL.COM'),('53446822','FERNANDEZ LAMERA, LUCIA','VILLAFRANCA','06220','924345530','ES121345530','FERNALUCIA@GMAIL.COM'),('53446893','ROMERO HUERTAS, CESAR','VILLAFRANCA','06220','924345531','ES121345531','ROMERCESAR@GMAIL.COM'),('53446947','ALONSO MARTIN, FERNANDO','VILLAFRANCA','06220','924345532','ES121345532','ALONSNANDO@GMAIL.COM'),('53447056','SANCHEZ BELLON, ELENA','VILLAFRANCA','06220','924345533','ES121345533','SANCHELENA@GMAIL.COM'),('53447071','MUÑOZ MEJIAS, DAVID','VILLAFRANCA','06220','924345534','ES121345534','MUÑOZDAVID@GMAIL.COM'),('53447680','GARCIA LOPEZ, SANTIAGO','VILLAFRANCA','06220','924345535','ES121345535','GARCITIAGO@GMAIL.COM'),('53448199','FERNANDEZ SANCHEZ, MANUEL','VILLAFRANCA','06220','924345536','ES121345536','FERNAANUEL@GMAIL.COM'),('53448494','GONZALEZ GOMEZ, SILVIA',NULL,NULL,'924345537','ES121345537','GONZAILVIA@GMAIL.COM'),('53448818','ALONSO MAÑAS, OSCAR','ACEUCHAL','06207','924345538','ES121345538','ALONSOSCAR@GMAIL.COM'),('53449882','HERNANDEZ RODRIGUEZ, JAIME','ACEUCHAL','06207','924345539','ES121345539','HERNAJAIME@GMAIL.COM'),('53450152','SANCHEZ ESQUIVIAS, MARIA','ACEUCHAL','06207','924345540','ES121345540','SANCHMARIA@GMAIL.COM'),('53450600','BLANCO MORO, LIDIA MARIA','ACEUCHAL','06207','924345541','ES121345541','BLANCMARIA@GMAIL.COM'),('53450717','ROJO RAYO, MARIA GLORIA','ACEUCHAL','06207','924345542','ES121345542','ROJO LORIA@GMAIL.COM'),('53450747','PEREZ ORTEGA, ANDRES','ACEUCHAL','06207','924345543','ES121345543','PEREZNDRES@GMAIL.COM'),('53451001','MANRIQUE DE LARA FERNANDEZ, MIGUEL','ACEUCHAL','06207','924345544','ES121345544','MANRIIGUEL@GMAIL.COM'),('53451123','MARTIN MARTINEZ, CARLOS','ACEUCHAL','06207','924345545','ES121345545','MARTIARLOS@GMAIL.COM'),('53452083','ESCAMILLA PADILLA, JAVIER','ACEUCHAL','06207','924345546','ES121345546','ESCAMAVIER@GMAIL.COM'),('53453335','MANSILLA GARCIA, LUIS','ACEUCHAL','06207','924345547','ES121345547','MANSI LUIS@GMAIL.COM'),('53453665','MORENO ROMERO, VERONICA','ACEUCHAL','06207','924345548','ES121345548','MORENONICA@GMAIL.COM'),('53460755','GOMEZ-ALVAREZ DOMINGUEZ, MARIA CARMEN','ACEUCHAL','06207','924345549','ES121345549','GOMEZARMEN@GMAIL.COM'),('53461159','ALHAMBRA FERNANDEZ, GEMMA','ACEUCHAL','06207','924345550','ES121345550','ALHAMGEMMA@GMAIL.COM'),('53461178','LASHERAS ROMERO, ALEJANDRO','ACEUCHAL','06207','924345551','ES121345551','LASHEANDRO@GMAIL.COM'),('53461338','MARTIN CANES, RAUL','ACEUCHAL','06207','924345552','ES121345552','MARTI RAUL@GMAIL.COM'),('53462493','SAEZ ESPERANZA, RUTH','ACEUCHAL','06207','924345553','ES121345553','SAEZ  RUTH@GMAIL.COM'),('53462871','DUATO NAVARRO, RAMON','ACEUCHAL','06207','924345554','ES121345554','DUATORAMON@GMAIL.COM'),('53463340','SALAMANCA FELIX, ZAIDA','ACEUCHAL','06207','924345555','ES121345555','SALAMZAIDA@GMAIL.COM'),('53464562','CARRETERO PIRES, ANA',NULL,NULL,'924345556','ES121345556','CARRE, ANA@GMAIL.COM'),('53464701','ESCRIBANO ARIAS, BEATRIZ','DON BENITO','06400','924345557','ES121345557','ESCRIATRIZ@GMAIL.COM'),('53465947','CALSO GONZALEZ, ANGEL','DON BENITO','06400','924345558','ES121345558','CALSOANGEL@GMAIL.COM'),('53490626','SANCHEZ VAQUERIZO, TANIA MARAVILLAS','DON BENITO','06400','924345559','ES121345559','SANCHILLAS@GMAIL.COM'),('5422989','SANZ RUBIO, PABLO','BADAJOZ','06006','924345314','ES121345314','SANZ PABLO@GMAIL.COM'),('6573699','GARCIA LOBIT, SARA','BADAJOZ','06006','924345315','ES121345315','GARCI SARA@GMAIL.COM'),('70056580','RODRIGUEZ VEGA, VERONICA','DON BENITO','06400','924345560','ES121345560','RODRIONICA@GMAIL.COM'),('70059204','BATANERO OCHAITA, M. CONCEPCION','DON BENITO','06400','924345561','ES121345561','BATANPCION@GMAIL.COM'),('70060073','ARRIBAS RAMOS, ESTEFANIA','DON BENITO','06400','924345562','ES121345562','ARRIBFANIA@GMAIL.COM'),('70063468','GIRON MARTIN, MARIO','DON BENITO','06400','924345563','ES121345563','GIRONMARIO@GMAIL.COM'),('70245204','GONZALEZ GARCIA, MARIA','DON BENITO','06400','924345564','ES121345564','GONZAMARIA@GMAIL.COM'),('70245815','GARRIDO GARCIA, MARIA','DON BENITO','06400','924345565','ES121345565','GARRIMARIA@GMAIL.COM'),('70250031','LUACES FEIJOO, TAMARA','DON BENITO','06400','924345566','ES121345566','LUACEAMARA@GMAIL.COM'),('70254462','CHEN , YUANJIE','DON BENITO','06400','924345567','ES121345567','CHEN ANJIE@GMAIL.COM'),('71277949','SIERRA GONZALEZ, MARIA','DON BENITO','06400','924345568','ES121345568','SIERRMARIA@GMAIL.COM'),('71431342','CENTENO GONZALEZ, ELENA','DON BENITO','06400','924345569','ES121345569','CENTEELENA@GMAIL.COM'),('71442335','DIAZ PANIAGUA, ELENA','DON BENITO','06400','924345570','ES121345570','DIAZ ELENA@GMAIL.COM'),('71506039','NUÑEZ NUÑEZ, ESTEFANIA',NULL,NULL,'924345571','ES121345571','NUÑEZFANIA@GMAIL.COM'),('71517440','FERNANDEZ HURTADO DE MENDOZA, TAMARA','DON BENITO','06400','924345572','ES121345572','FERNAAMARA@GMAIL.COM'),('71517910','JIMENEZ JIMENEZ, BEATRIZ','DON BENITO','06400','924345573','ES121345573','JIMENATRIZ@GMAIL.COM'),('7244258','MARTIN MARTINEZ, VANESA','BADAJOZ','06006','924345316','ES121345316','MARTIANESA@GMAIL.COM'),('72886268','RODRIGUEZ DE PABLO, CRISTINA','DON BENITO','06400','924345574','ES121345574','RODRISTINA@GMAIL.COM'),('74515243','TAYLOR ARIAS, ROCIO','DON BENITO','06400','924345575','ES121345575','TAYLOROCIO@GMAIL.COM'),('74933254','SUAREZ DE SOUSA, CANDELAS','DON BENITO','06400','924345576','ES121345576','SUAREDELAS@GMAIL.COM'),('75774199','AVILES AVILES, JESUS','DON BENITO','06400','924345577','ES121345577','AVILEJESUS@GMAIL.COM'),('76019529','FAJARDO ROMAN, PATRICIA','DON BENITO','06400','924345578','ES121345578','FAJARRICIA@GMAIL.COM'),('76123032','RIO ALVAREZ, SARA DEL','DON BENITO','06400','924345579','ES121345579','RIO AA DEL@GMAIL.COM'),('76123615','GARCIA MANRIQUE, PATRICIA','DON BENITO','06400','924345580','ES121345580','GARCIRICIA@GMAIL.COM'),('76730681','GONZALEZ DE LA CUERDA, MARIA','DON BENITO','06400','924345581','ES121345581','GONZAMARIA@GMAIL.COM'),('77335978','MARTINEZ GONZALEZ, ANGELICA',NULL,NULL,'924345582','ES121345582','MARTIELICA@GMAIL.COM'),('7960007','CARO ECHEGARAY, RAUL','BADAJOZ','06006','924345317','ES121345317','CARO  RAUL@GMAIL.COM'),('8042400','GOMEZ DOMINGUEZ, ADORACION','BADAJOZ','06006','924345318','ES121345318','GOMEZACION@GMAIL.COM'),('9001990','CARRASCO GONZALEZ, CARLOS','BADAJOZ','06006','924345319','ES121345319','CARRAARLOS@GMAIL.COM'),('9036331','ARRIAGA SANDOVAL, MARIA JOSE','BADAJOZ','06006','924345320','ES121345320','ARRIA JOSE@GMAIL.COM'),('9039942','HERNANDEZ BRAVO, SOLEDAD','BADAJOZ','06006','924345321','ES121345321','HERNALEDAD@GMAIL.COM'),('9191786','ABELLA BULE, ISABEL','BADAJOZ','06006','924345322','ES121345322','ABELLSABEL@GMAIL.COM'),('9456432','MELLADO GONZALEZ, ANTONIO','BADAJOZ','06006','924345323','ES121345323','MELLATONIO@GMAIL.COM'),('9457570','CASTIÑEIRA ROMERO, NIEVES','BADAJOZ','06006','924345324','ES121345324','CASTIIEVES@GMAIL.COM');
/*!40000 ALTER TABLE `alumno` ENABLE KEYS */;
UNLOCK TABLES;

--
-- Table structure for table `curso`
--

DROP TABLE IF EXISTS `curso`;
/*!40101 SET @saved_cs_client     = @@character_set_client */;
/*!50503 SET character_set_client = utf8mb4 */;
CREATE TABLE `curso` (
  `CODIGO` int(11) NOT NULL,
  `NOMBRE` varchar(255) DEFAULT NULL,
  `PRECIO` decimal(8,2) DEFAULT NULL,
  `HORAS` int(11) DEFAULT NULL,
  `IDMATERIA` int(11) DEFAULT NULL,
  PRIMARY KEY (`CODIGO`),
  KEY `FK_MATERIA` (`IDMATERIA`),
  CONSTRAINT `FK_MATERIA` FOREIGN KEY (`IDMATERIA`) REFERENCES `materia` (`id`)
) ENGINE=InnoDB DEFAULT CHARSET=latin1;
/*!40101 SET character_set_client = @saved_cs_client */;

--
-- Dumping data for table `curso`
--

LOCK TABLES `curso` WRITE;
/*!40000 ALTER TABLE `curso` DISABLE KEYS */;
INSERT INTO `curso` VALUES (1,'Fotógrafo profesional',100.00,100,1),(2,'Decorador e interiorista',100.00,102,1),(3,'Dibujo y pintura',100.00,104,1),(4,'Escaparatista',100.00,106,1),(5,'Fotógrafo Amateur',102.00,108,1),(6,'Guitarra',104.00,110,1),(7,'Jardinería',106.00,112,1),(8,'Manualidades',108.00,114,1),(9,'Acordeón',95.00,116,1),(10,'Aerografía',95.00,118,1),(11,'Decoración Profesional',95.00,120,1),(12,'Dibujo',95.00,122,1),(13,'Dibujo de Cómics',100.00,124,1),(14,'Escaparatismo',200.00,126,1),(15,'Fotografía',95.00,128,1),(16,'Guitarra II',95.00,130,1),(17,'Manualidades en Madera',95.00,132,1),(18,'Monitor/a de Manualidades',200.00,134,1),(19,'Solfeo',95.00,136,1),(20,'Teclado',95.00,138,1),(21,'Peluquería II',263.00,140,2),(22,'Corte y Confección II',95.00,142,2),(23,'Diseño de Modas',95.00,144,2),(24,'Esteticista II',233.00,146,2),(25,'Diseño de Moda',95.00,148,2),(26,'Esteticista',95.00,150,2),(27,'Modista Profesora',95.00,152,2),(28,'Peluquería Profesional',95.00,154,2),(29,'Terapeuta de Belleza',855.00,156,2),(30,'Corte y Confección',95.00,158,2),(31,'Esteticista profesional',95.00,160,2),(32,'Peluquería',95.00,162,2),(33,'Dirección de la Comunicación',222.00,164,3),(34,'Azafata intérprete II',95.00,166,3),(35,'Curso monográfico de Creatividad Publicitaria',95.00,168,3),(36,'Curso práctico de Hablar en Público con eficacia',95.00,170,3),(37,'Estrategia y Planificación de Medios',95.00,172,3),(38,'Foniatría y Técnicas de Voz',95.00,174,3),(39,'Locución Publicitaria y Técnicas de Voz',95.00,176,3),(40,'Locución y Presentación en Radio',95.00,178,3),(41,'Locutor de Radiofórmula Musical',95.00,180,3),(42,'Periodismo de Cine',95.00,182,3),(43,'Periodismo y Comunicación Electrónico',95.00,184,3),(44,'Presentación en Televisión',95.00,186,3),(45,'Programación en Televisión y Análisis de Audiencias',95.00,188,3),(46,'Protocolo y Comunicación para el éxito social y empresarial',95.00,190,3),(47,'Seminario práctico de Comunicación de Crisis',95.00,192,3),(48,'Curso de Técnico en Comunicación y Protocolo',95.00,194,3),(49,'El uso del teléfono',95.00,196,3),(50,'Imagen y calidad de servicio II',95.00,198,3),(51,'El uso del teléfono II',95.00,200,3),(52,'Imagen y calidad de servicio',95.00,202,3),(53,'Master en Comunicación Corporativa',95.00,204,3),(54,'Protocolo y celebración de actos empresariales',95.00,206,3),(55,'Entrenador Personal',95.00,208,4),(56,'Masaje y Shiatsu',95.00,210,4),(57,'Monitor de Aerobic',95.00,212,4),(58,'Monitor de Fitness',95.00,214,4),(59,'Monitor de Gimnasio',95.00,216,4),(60,'Preparador Físico y Deportivo',95.00,218,4),(61,'Quiromasajista',95.00,220,4),(62,'Master en Gestión de Eventos Corporativos (Protocolo, Logística y Seguridad)',95.00,222,4),(63,'Quiromasaje',95.00,224,4),(64,'Masaje Deportivo: Tratamiento integral y especializado',95.00,226,4),(65,'Novedades preventivas y terapéuticas de enfermería en lesiones por la práctica deportiva',95.00,228,4),(66,'Prevención y tratamiento de lesiones en la practica deportiva',95.00,230,4),(67,'Experto Técnico Inmobiliario',95.00,232,5),(68,'Análisis financiero, fiscalidad y legislación laboral (2ª Edición)',95.00,234,5),(69,'Asesor Fiscal',95.00,236,5),(70,'Auxiliar Administrativo',95.00,238,5),(71,'Contabilidad',95.00,240,5),(72,'Exportación / importación',95.00,242,5),(73,'Gestión y Creación de PYMES',95.00,244,5),(74,'Logística de la distribución comercial (2ª Edición)',95.00,246,5),(75,'Mercados Financieros (6ª Edición)',95.00,248,5),(76,'Programa de Dirección General (PDG)',95.00,250,5),(77,'Técnicas de venta',95.00,252,5),(78,'Técnico en equipos de mejora continua (5ª Edición)',95.00,254,5),(79,'Técnico en Gestión Financiera de la Empresa',95.00,200,5),(80,'Técnico en Gestión Laboral',95.00,202,5),(81,'Técnico en proyectos de información',95.00,204,5),(82,'Técnico en Sistemas de Calidad ISO 9000 y 14000',95.00,206,5),(83,'Curso de Asset Allocation: Análisis y Selección de Carteras, Fondos de Inversión y Gestión Alternativa',95.00,208,5),(84,'Curso de Construcción de Modelos y Análisis de Proyecciones Financieras',95.00,210,5),(85,'Curso de Preparación al Nivel I del Chartered Financial Analyst (CFA®)',95.00,212,5),(86,'Curso de Simulación de Montecarlo, Redes Neuronales y Otras Técnicas Cuantitativas Aplicadas a las Finanzas',95.00,214,5),(87,'Alemán',95.00,216,6),(88,'Francés',95.00,218,6),(89,'Home Deutsch',95.00,220,6),(90,'Home English',95.00,222,6),(91,'Inglés',95.00,224,6),(92,'Alemán II',95.00,226,6),(93,'Francés II',95.00,228,6),(94,'Inglés II',95.00,230,6),(95,'Inglés Práctico (por Vídeo)',95.00,232,6),(96,'Ruso',95.00,234,6),(97,'Business Writing Skills: Técnicas de Redacción Empresarial',95.00,236,6),(98,'Atención telefónica en inglés II',95.00,238,6),(99,'Atención telefónica en inglés I',95.00,240,6),(100,'Atención telefónica en inglés III',200.00,242,6),(101,'Atención telefónica en inglés IV',125.00,244,6),(102,'Inglés Técnico',130.00,246,6),(103,'Experto en Ofimática',130.00,248,7),(104,'Acceso a la Informática',130.00,250,7),(105,'Administración de bases de datos Oracle (2ª Edición)',130.00,252,7),(106,'Dirección de sistemas de Información',130.00,254,7),(107,'Gestión y administración de bases de datos Oracle',130.00,256,7),(108,'Introducción al Software libre',130.00,258,7),(109,'Master Internacional en Software Libre. Especialidad Administración de web y Sistemas e-commerce',130.00,260,7),(110,'Master Internacional en Software Libre. Experto en Desarrollo de Aplicaciones',130.00,262,7),(111,'Master Internacional en Software Libre. Especialidad Administración de Redes',130.00,264,7),(112,'Sistema operativo GNU/Linux básico',130.00,266,7),(113,'Dominio y Práctica del PC (Windows 98 y Windows Millenium)',130.00,268,7),(114,'MASTER Oficial Cisco Técnico en Redes e Internet Certificación CCNA. ( Proyecto CNAP)',130.00,270,7),(116,'MASTER Oficial Cisco Técnico en Redes e Internet Certificación CCNA. ( Proyecto CNAP) II',130.00,272,7),(117,'Master Superior en Sistemas Linux más Certificación Lpi (Sábados)',130.00,274,7),(118,'Master Superior en Sistemas Linux más Certificación Lpi (Tardes)',130.00,276,7),(119,'Master Superior Sistemas W2003 y Redes Cisco Systems.',130.00,278,7),(120,'MCSA W2000 / W2003',130.00,280,7),(121,'Microsoft Access 2000',130.00,282,7),(122,'Microsoft Access 97',130.00,284,7),(123,'Microsoft Excel 2000',130.00,286,7),(124,'Arquitecto e-business .NET',130.00,288,8),(125,'Edición y Producción de webs interactivas (2ª Edición)',130.00,290,8),(126,'Edición y producción de webs interactivas (3ª Edición)',130.00,292,8),(127,'Experto en desarrollo e-business .NET',130.00,294,8),(128,'Imagen y vídeo digital para Internet (2 Edición)',130.00,296,8),(129,'Internet',130.00,298,8),(130,'Programación en Java para Internet (3ª Edición)',130.00,300,8),(131,'Experto en Creatividad y Diseño para Internet',130.00,302,8),(132,'Navegación en Internet y Correo Electrónico',130.00,304,8),(133,'Técnico Diseño Web',130.00,306,8),(134,'Técnico en Ilustración y Diseño Gráfico',130.00,308,8),(135,'Técnico en Internet y Comercio Electrónico',130.00,310,8),(136,'Técnico en Ofimática e Internet',130.00,312,8),(137,'Creatividad y Diseño online',130.00,314,8),(138,'Iniciación a la Comunicación online: web',130.00,316,8),(139,'Master en ASP.NET (Curso personalizado)',130.00,318,8),(140,'Master en Diseño y Animación web (Curso personalizado)',130.00,320,8),(141,'Master en Flash MX (Curso personalizado)',130.00,322,8),(142,'Master en LAMP (Linux - Apache - MySQL - PHP) (Curso personalizado)',130.00,324,8),(143,'Máster en Programación Web (Curso personalizado)',130.00,326,8),(144,'Psicología',130.00,328,9),(145,'Acceso a ciclos formativos de Grado Medio',130.00,330,9),(146,'Acceso a la Universidad para mayores de 25 años',130.00,332,9),(147,'Aplicaciones de ingeniería para el desarrollo humano. (1ª Edición)',130.00,334,9),(148,'Arte y sociedades de Asia Oriental',130.00,336,9),(149,'China y el mundo chino',130.00,338,9),(150,'Conflictos armados, violentos y gestión de crisis',125.00,340,9),(151,'Conflictos interpersonales, colectivos y sociales (1ª Edición)',125.00,342,9),(152,'Cooperación Internacional: proyectos de ingeniería (1ª Edición)',250.00,344,9),(153,'Cooperación Internacional: tecnologías para el desarrollo humano (1a Edición)',250.00,346,9),(154,'Cooperación Internacional: Tecnologías para el Desarrollo Humano (2a Edición)',250.00,348,9),(155,'Cultura y literatura en Asia Oriental',250.00,350,9),(156,'Economía y negocios en Asia Oriental',250.00,352,9),(157,'Economía y negocios en Asia Oriental II',250.00,354,9),(158,'Educación Infantil',250.00,356,9),(159,'El antiguo Egipto. Introducción a la civilización faraónica (3ª Edición)',250.00,358,9),(160,'Especialización en Asia Oriental',250.00,360,9),(161,'Gestión del Patrocinio y del Mecenazgo (2ª Edición)',250.00,362,9),(162,'Graduado en ESO',250.00,364,9),(163,'Liderazgo del desarrollo personal (5ª Edición)',250.00,366,9),(164,'Marketing',250.00,368,10),(165,'Azafata de Congresos y Relaciones Públicas',250.00,370,10),(166,'Curso Superior de Marketing, Publicidad y Comunicación',250.00,372,10),(167,'Marketing on line',250.00,374,10),(168,'Marketing y Gestión Comercial',250.00,376,10),(169,'Master en Dirección Comercial y Marketing',250.00,378,10),(170,'Master en Marketing, Publicidad, E-commerce y Comunicación',250.00,380,10),(171,'Master en Marketing, Publicidad, E-commerce y Comunicación (A)',250.00,382,10),(172,'Master en Marketing, Publicidad, E-commerce y Comunicación (B)',250.00,384,10),(173,'Protocolo Institucional',250.00,386,10),(174,'Técnicas de Negociación y Venta',250.00,388,10),(175,'Técnicas de Venta',250.00,390,10),(176,'Técnico en Marketing',250.00,392,10),(177,'Gestión de Patrocinio (Cómo diseñar propuestas exitosas)',250.00,394,10),(178,'Publicidad y Marketing online',250.00,396,10),(179,'Cómo confeccionar un Plan de Marketing Proactivo',250.00,398,10),(180,'Key Account Management: Gestión de cuentas clave',250.00,400,10),(181,'Marketing Proactivo de relaciones',250.00,402,10),(182,'Graduado Superior en Marketing y Gestión Comercial',250.00,404,10),(183,'Azafata Intérprete',250.00,406,10),(184,'Técnico en Gestión Medioambiental',250.00,408,11),(185,'Auditoría medioambiental',250.00,410,11),(186,'Contaminación Acústica',250.00,412,11),(187,'Contaminación Atmosférica',250.00,414,11),(188,'Contaminación de Aguas',250.00,416,11),(189,'Contaminación de Suelos',250.00,418,11),(190,'Curso Superior de Gestión Ambiental y E.I.A',250.00,420,11),(191,'Experto en Tratamientos de Aguas, Suelos y Residuos',250.00,422,11),(192,'Gestión de espacios naturales',250.00,424,11),(193,'Gestión de Residuos',250.00,426,11),(194,'Legislación Medioambiental',250.00,428,11),(195,'Master Experto en Auditoría y Gestión Medioambiental de la Empresa II',250.00,430,11),(196,'Master Experto en Auditoría y Gestión Medioambiental de la Empresa',250.00,432,11),(197,'Técnico en Evaluación del Impacto Ambiental',250.00,434,11),(198,'Técnico en Gestión Ambiental',250.00,436,11),(199,'Técnico en Gestión Ambiental (Norma ISO 14001)',250.00,438,11),(200,'Agricultura Ecológica',95.00,440,11),(201,'Energía Solar II',250.00,442,11),(202,'Curso Superior de Gestor Medioambiental',250.00,444,11),(203,'Delineación en Construcción con AutoCAD y AutoARQ',250.00,446,12),(204,'Edición Digital (on line y off line) (2ª Edición)',250.00,448,12),(205,'Bachelors Degree in Recording Arts',250.00,450,12),(206,'Diploma en Ingeniería de Audio',250.00,452,12),(207,'Curso cámara estudio de T.V. (Febrero)',250.00,454,12),(208,'Curso cámara estudio de T.V. (Noviembre)',250.00,456,12),(209,'Curso CINE-VÍDEO (1er Nivel)',250.00,458,12),(210,'Curso intensivo de verano',250.00,460,12),(211,'Curso de guión para Cine y T.V. (Marzo)',250.00,462,12),(212,'Curso de guión para Cine y T.V. (Noviembre)',250.00,464,12),(213,'Curso de guión para Cine y T.V.',250.00,466,12),(214,'Curso intensivo de Verano II',250.00,468,12),(215,'Curso edición y post-producción digital Avid y Adobe Premiere (Marzo)',250.00,470,12),(216,'Curso edición y post-producción digital Avid y Adobe Premiere (Noviembre)',250.00,472,12),(217,'Curso iluminación',250.00,474,12),(218,'Curso PROFESIONAL CINE Y VÍDEO (1er Nivel)',250.00,476,12),(219,'Curso profesional de cine (16 mm)',250.00,478,12),(220,'Curso reportero gráfico. Operador de cámara',250.00,480,12),(221,'Curso Steady Cam (Marzo)',250.00,482,12),(222,'Curso Steady Cam (Noviembre)',250.00,484,12),(223,'Curso técnico de estudio de grabación analógico',250.00,486,12),(224,'Curso técnico de estudio de grabación digital',250.00,488,12),(225,'Electrónica Digital II',250.00,490,13),(226,'Electrónica y Microelectrónica',250.00,492,13),(227,'Fontanería y Electricidad',250.00,494,13),(228,'Fontanero',250.00,496,13),(229,'Instalador Electricista',250.00,498,13),(230,'Maestro Albañil',250.00,500,13),(232,'Mecánica del Automóvil',250.00,502,13),(234,'Mecánico de Motos',250.00,504,13),(236,'Técnico en Construcción',250.00,506,13),(238,'Técnico en equipos de mejora continua (4ª Edición)',250.00,508,13),(239,'Albañilería',250.00,510,13),(240,'Carné Oficial de Instalador Electricista',250.00,512,13),(241,'Carpintería Metálica y de PVC',250.00,514,13),(242,'Carpintería y Ebanistería',250.00,516,13),(243,'Carrocería del Automóvil (Chapa y Pintura)',250.00,518,13),(244,'Electricidad Industrial',250.00,520,13),(245,'Electrónica Analógica',250.00,522,13),(246,'Electrónica Digital',250.00,524,13),(247,'Electrotecnia y Electrónica',250.00,526,13),(248,'Energía Solar',250.00,528,13),(249,'Comunicación Interna y Externa en la Empresa II',250.00,530,14),(250,'Comunicación Interna y Externa en la Empresa',250.00,532,14),(251,'Curso Superior de Gestión Laboral',250.00,534,14),(252,'Curso Superior en Recursos Humanos',250.00,536,14),(253,'Curso Superior en Rercursos Humanos II',250.00,538,14),(254,'Formador de Formadores Financiación E-Learning',250.00,540,14),(255,'Formador de Formadores Financiación E-Learning',250.00,542,14),(256,'Grafología aplicada a los Recursos Humanos',250.00,544,14),(257,'Integración laboral ante el primer empleo',250.00,546,14),(258,'Master en Asesoría Jurídica y RR.HH',250.00,548,14),(259,'Master en Dirección de Recursos Humanos',250.00,550,14),(260,'Master en Dirección y Gestión de RR.HH.',250.00,552,14),(261,'Master en Dirección y Gestión de RR.HH. II',250.00,554,14),(262,'Nómina Plus y Sistema de Redes (Win Suite) (8 de Noviembre)',250.00,556,14),(263,'Nómina Plus y Sistema de Redes (Win Suite) (9 de Noviembre)',250.00,558,14),(264,'Técnico en Nóminas, Contratos, Seguros Sociales y Finiquitos II',250.00,560,14),(265,'Técnico en Nóminas, Contratos, Seguros Sociales y Finiquitos',250.00,562,14),(266,'Técnico en Recursos Humanos',250.00,564,14),(267,'Técnico en Selección de Personal II',250.00,566,14),(268,'Técnico en Selección de Personal',250.00,568,14),(269,'Aplicación de la innovación en la hostelería',250.00,570,15),(270,'Camarero Profesional',250.00,572,15),(271,'Cocinero Profesional',250.00,574,15),(272,'Gestión de la calidad industria hotelera (1 Edición)',250.00,576,15),(273,'Gestión de Restaurantes',250.00,578,15),(274,'Gestión de Turismo Rural',250.00,580,15),(275,'Gestión Hotelera',250.00,582,15),(276,'Gestión Hotelera: Aplicaciones de la Innovación, la Calidad y la Sostenibilidad',250.00,584,15),(277,'Gestión sostenible del ecoturismo (1ª Edición)',250.00,586,15),(278,'Planificación y Gestión de destinos turísticos',250.00,588,15),(279,'Camarero-Barman',250.00,590,15),(280,'Cocina Profesional',250.00,592,15),(281,'Hostelería',250.00,594,15),(282,'Lecciones de Cocina Profesional',250.00,596,15),(283,'Lecciones Prácticas de Cocina por Vídeo',250.00,598,15),(284,'Técnico en Gestión de Empresa de Hostelería y Servicios Turísticos',250.00,600,15),(286,'Agente de Viajes (IATA - FUAAV)',250.00,602,15),(288,'Auxiliar de vuelo - Tripulante de Cabina de Pasajeros (T.C.P.)',250.00,604,15),(290,'Azafata y Relaciones Públicas',250.00,606,15),(292,'Congresos, Cruceros e Informador Turístico',250.00,608,15),(293,'Gestión de las relaciones sociolaborales y de los riesgos en el trabajo (1ª Edición)',250.00,610,16),(295,'Master en Prevención de Riesgos Laborales',250.00,612,16),(297,'Prevención de Riesgos Laborales. Nivel Intermedio (6ª Edición)',250.00,614,16),(299,'Técnico en Prevención de Riesgos Laborales',250.00,616,16),(301,'Curso Básico de Prevención de Riesgos Laborales II',95.00,618,16),(303,'Curso de Técnico Intermedio en Prevención de Riesgos Laborales',300.00,620,16),(305,'Master en Prevención de Riesgos Laborales (Técnico Superior)',300.00,622,16),(307,'Prevención de Riesgos Laborales (Nivel Básico)',300.00,624,16),(309,'Técnico Intermedio en Prevención de Riesgos Laborales (Laboris)',300.00,626,16),(311,'Técnico Superior en Prevención de Riesgos Laborales (Laboris)',300.00,628,16),(313,'Curso Técnico Especialista en Prevención de Riesgos Laborales',300.00,630,16),(315,'Máster en Prevención de Riesgos Laborales II',300.00,632,16),(317,'Organización, gestión y prevención de riesgos laborales',300.00,634,16),(319,'Curso Básico de Prevención de Riesgos Laborales',300.00,636,16),(321,'Curso Básico de Prevención de Riesgos Laborales (a través del Campus)',300.00,638,16),(323,'Curso de Técnico en Prevención de Riesgos Laborales',300.00,640,16),(325,'Curso Superior de Gestor de la Calidad',300.00,642,16),(327,'Auxiliar de Farmacia',300.00,644,17),(329,'Auxiliar de Geriatría',300.00,646,17),(331,'Auxiliar de Odontología II',300.00,648,17),(333,'Auxiliar de Rehabilitación II',300.00,650,17),(335,'Dietética y Nutrición Geriátrica',300.00,652,17),(337,'Ecografía ginecólogica básica',300.00,654,17),(339,'Masajista',300.00,656,17),(341,'Auxiliar de Ayuda a Domicilio',300.00,658,17),(343,'Auxiliar de Farmacia II',300.00,660,17),(345,'Auxiliar de Geriatría y Gerontología',300.00,662,17),(347,'Auxiliar de Jardín de Infancia',300.00,664,17),(349,'Auxiliar de Odontología',300.00,666,17),(351,'Auxiliar de Puericultura',300.00,668,17),(353,'Auxiliar de Rehabilitación',300.00,670,17),(355,'Dietética y Nutrición',300.00,672,17),(357,'Dirección y Gestión de Centros de 3ª Edad',300.00,674,17),(359,'Monitor de Técnicas de Relajación y Desarrollo Personal',300.00,676,17),(361,'Naturopatía. Técnico Superior - Diploma EFTC',300.00,678,17),(363,'Secretariado Médico',300.00,680,17),(365,'Técnico en Animación Geriátrica',300.00,682,17),(366,'Diplomatura en Ciencias Empresariales',300.00,684,18),(368,'Diplomatura en Turismo',300.00,686,18),(370,'Ingeniería Técnica en Informática de Gestión',300.00,688,18),(372,'Ingeniería Técnica en Informática de Sistemas',300.00,690,18),(374,'Licenciatura en Administración y Dirección de Empresas',300.00,692,18),(376,'Licenciatura en Ciencias del Trabajo',300.00,694,18),(378,'Licenciatura en Derecho',300.00,696,18),(380,'Licenciatura en Documentación (2º ciclo)',300.00,698,18),(382,'Licenciatura en Estudios de Ásia Oriental (2º ciclo)',300.00,700,18),(384,'Licenciatura en Investigación y Técnicas de Mercado (2º ciclo)',300.00,702,18),(386,'Licenciatura en Psicología',300.00,704,18),(388,'Licenciatura en Psicopedagogia (2º ciclo)',300.00,706,18),(391,'Centro',300.00,708,18),(393,'Auxiliar Clínico Veterinario',300.00,710,18),(395,'Adiestramiento Canino',300.00,712,18),(397,'Auxiliar Clínico Ecuestre II',300.00,714,18),(399,'Auxiliar de Clínica Veterinaria',300.00,716,18),(401,'Auxiliar Veterinario de Animales de Granja',300.00,718,18),(403,'Ayudante Técnico Veterinario',300.00,720,18),(405,'Master en Animales de Compañía',300.00,722,18),(407,'Psicología Canina y Felina',300.00,724,18),(409,'Adiestramiento Canino II',300.00,726,18),(411,'Auxiliar Clínico Ecuestre',300.00,728,18),(413,'Auxiliar de Clínica Veterinaria II',300.00,730,18),(415,'Auxiliar Veterinario de Animales de Granja II',300.00,732,18),(417,'Cuidador de Caballos',300.00,734,18),(419,'Curso de Herpetología',300.00,736,18),(421,'Gestor de Núcleos Zoológicos',300.00,738,18),(423,'Peluquería Canina',300.00,740,18),(425,'Psicología Canina',300.00,744,18),(427,'Auxiliar clínica veterinaria',300.00,744,18);
/*!40000 ALTER TABLE `curso` ENABLE KEYS */;
UNLOCK TABLES;

--
-- Table structure for table `edicion`
--

DROP TABLE IF EXISTS `edicion`;
/*!40101 SET @saved_cs_client     = @@character_set_client */;
/*!50503 SET character_set_client = utf8mb4 */;
CREATE TABLE `edicion` (
  `CODCURSO` int(11) NOT NULL,
  `NUMEROEDICION` int(11) NOT NULL,
  `FECHAINICIO` date DEFAULT NULL,
  `FECHAFIN` date DEFAULT NULL,
  `PROFESOR` varchar(255) DEFAULT NULL,
  PRIMARY KEY (`CODCURSO`,`NUMEROEDICION`),
  KEY `FK_PROFESOR` (`PROFESOR`),
  CONSTRAINT `FK_CURSO` FOREIGN KEY (`CODCURSO`) REFERENCES `curso` (`codigo`),
  CONSTRAINT `FK_PROFESOR` FOREIGN KEY (`PROFESOR`) REFERENCES `profesor` (`codigo`)
) ENGINE=InnoDB DEFAULT CHARSET=latin1;
/*!40101 SET character_set_client = @saved_cs_client */;

--
-- Dumping data for table `edicion`
--

LOCK TABLES `edicion` WRITE;
/*!40000 ALTER TABLE `edicion` DISABLE KEYS */;
INSERT INTO `edicion` VALUES (1,1,'2016-09-08','2016-09-23','BLAUS'),(1,2,'2016-09-09','2016-09-24','BLONP'),(2,1,'2016-09-10','2016-09-25','BLAUS'),(4,1,'2016-09-11','2016-09-26','ALFKI'),(12,1,'2016-09-12','2016-09-27','ALFKI'),(13,1,'2016-09-13','2016-09-28','ALFKI'),(13,2,'2016-09-14','2016-09-29','ANATR'),(13,3,'2016-09-15','2016-09-30','ANTON'),(15,1,'2016-09-16','2016-10-01','AROUT'),(16,1,'2016-09-17','2016-10-02','BERGS'),(16,2,'2016-09-18','2016-10-03','BLAUS'),(16,3,'2016-09-19','2016-10-04','BLONP'),(17,1,'2016-09-20','2016-10-05','ALFKI'),(20,1,'2016-09-21','2016-10-06','ALFKI'),(20,2,'2016-09-22','2016-10-07','ANATR'),(55,1,'2016-09-23','2016-10-08','ANTON'),(55,2,'2016-09-24','2016-10-09','AROUT'),(55,3,'2016-09-25','2016-10-10','BERGS'),(56,1,'2016-09-26','2016-10-11','BLAUS'),(87,1,'2016-09-27','2016-10-12','BLONP'),(87,2,'2016-09-28','2016-10-13',NULL),(90,1,'2016-09-29','2016-10-14','ALFKI'),(100,1,'2016-09-30','2016-10-15',NULL),(123,1,'2016-10-01','2016-10-16',NULL),(123,2,'2016-10-02','2016-10-17',NULL),(124,1,'2016-10-03','2016-10-18',NULL),(167,1,'2016-10-04','2016-10-19','ALFKI'),(200,1,'2016-10-05','2016-10-20',NULL),(200,2,'2016-10-06','2016-10-21',NULL),(230,1,'2016-10-07','2016-10-22','BSBEV'),(321,1,'2016-10-08','2016-10-23','CACTU'),(323,1,'2016-10-11','2016-10-26','COMMI'),(325,1,'2016-10-13','2016-10-28','DRACD'),(327,1,'2016-10-17','2016-11-01','FAMIA'),(329,1,'2016-10-21','2016-11-05','FRANK'),(341,2,'2016-10-23','2016-11-07','FRANS'),(343,2,'2016-10-25','2016-11-09','GALED'),(345,1,'2016-10-27','2016-11-11','GOURL'),(347,2,'2016-10-29','2016-11-13','FISSA'),(349,1,'2016-10-31','2016-11-15','FOLKO'),(353,1,'2016-11-04','2016-11-19','FURIB'),(355,1,'2016-11-07','2016-11-22','GOURL');
/*!40000 ALTER TABLE `edicion` ENABLE KEYS */;
UNLOCK TABLES;

--
-- Table structure for table `materia`
--

DROP TABLE IF EXISTS `materia`;
/*!40101 SET @saved_cs_client     = @@character_set_client */;
/*!50503 SET character_set_client = utf8mb4 */;
CREATE TABLE `materia` (
  `ID` int(11) NOT NULL AUTO_INCREMENT,
  `MATERIA` varchar(200) DEFAULT NULL,
  PRIMARY KEY (`ID`)
) ENGINE=InnoDB AUTO_INCREMENT=19 DEFAULT CHARSET=latin1;
/*!40101 SET character_set_client = @saved_cs_client */;

--
-- Dumping data for table `materia`
--

LOCK TABLES `materia` WRITE;
/*!40000 ALTER TABLE `materia` DISABLE KEYS */;
INSERT INTO `materia` VALUES (1,'Arte y decoración'),(2,'belleza y moda'),(3,'comunicación'),(4,'deportes'),(5,'empresa y finanzas'),(6,'idiomas'),(7,'informatica'),(8,'internet'),(9,'letras y humanidades'),(10,'marketing'),(11,'medio ambiente'),(12,'multimedia'),(13,'profesionales'),(14,'recursos humanos'),(15,'restauracion y turismo'),(16,'riesgos laborales'),(17,'salud'),(18,'universidades');
/*!40000 ALTER TABLE `materia` ENABLE KEYS */;
UNLOCK TABLES;

--
-- Table structure for table `matricula`
--

DROP TABLE IF EXISTS `matricula`;
/*!40101 SET @saved_cs_client     = @@character_set_client */;
/*!50503 SET character_set_client = utf8mb4 */;
CREATE TABLE `matricula` (
  `DNIALUMNO` varchar(150) NOT NULL,
  `CODCURSO` int(11) NOT NULL,
  `NUMEROEDICION` int(11) NOT NULL,
  `PAGADO` int(11) DEFAULT NULL,
  PRIMARY KEY (`DNIALUMNO`,`CODCURSO`,`NUMEROEDICION`),
  KEY `FK_EDICION` (`CODCURSO`,`NUMEROEDICION`),
  CONSTRAINT `FK_ALUMNO` FOREIGN KEY (`DNIALUMNO`) REFERENCES `alumno` (`dni`),
  CONSTRAINT `FK_EDICION` FOREIGN KEY (`CODCURSO`, `NUMEROEDICION`) REFERENCES `edicion` (`codcurso`, `numeroedicion`)
) ENGINE=InnoDB DEFAULT CHARSET=latin1;
/*!40101 SET character_set_client = @saved_cs_client */;

--
-- Dumping data for table `matricula`
--

LOCK TABLES `matricula` WRITE;
/*!40000 ALTER TABLE `matricula` DISABLE KEYS */;
INSERT INTO `matricula` VALUES ('1173391',1,1,1),('1173391',55,2,1),('1173391',345,1,0),('1932986',2,1,1),('1932986',55,3,1),('1932986',325,1,1),('1933685',4,1,0),('1933685',56,1,0),('1933685',347,2,1),('1937101',12,1,0),('1937101',87,1,1),('2238233',13,1,1),('2238233',87,2,0),('2238233',349,1,1),('2263918',13,2,0),('2263918',90,1,1),('2263918',327,1,1),('2267650',13,3,1),('2267650',100,1,1),('2269028',15,1,1),('2269028',100,1,0),('2269028',123,1,1),('2270188',16,1,0),('2270188',123,2,0),('2271897',16,2,1),('2271897',124,1,0),('2271897',329,1,0),('2272581',16,3,1),('2272581',167,1,0),('2276630',17,1,1),('2276630',200,1,1),('2276630',341,2,0),('2276800',1,1,1),('2276800',20,1,1),('2276800',200,2,1),('2277835',1,2,1),('2277835',12,1,1),('2277835',20,2,1),('2277835',230,1,1),('2277835',343,2,1),('2278639',2,1,0),('2278639',13,1,0),('2278639',55,1,0),('2278639',321,1,0),('2282590',4,1,1),('2282590',13,2,1),('2649085',13,3,1),('2659710',15,1,1),('2666680',16,1,0),('2669560',1,1,1),('2669560',323,1,1),('3888843',1,1,0),('3897830',1,2,0),('3898800',2,1,1),('3899484',4,1,1),('3900635',12,1,1),('3904537',13,1,1),('3904786',123,2,1),('3905226',124,1,1),('3905411',167,1,1),('3907718',200,1,0),('3907803',200,2,0),('4213464',13,3,0),('4214130',15,1,1),('4216552',16,1,1),('47046930',1,1,1),('47047937',1,2,1),('47049228',2,1,0),('47049316',4,1,0),('47049392',12,1,0),('47217990',13,3,0),('47220902',15,1,0),('47280013',16,1,0),('50222579',1,1,1),('50222877',1,2,0),('50224174',2,1,0),('50318962',4,1,1),('50323408',12,1,1),('50443489',13,3,1),('50466830',15,1,0),('50542633',16,1,1),('50749620',13,3,0),('50751029',15,1,1),('50752579',16,1,1),('50875209',1,1,0),('50880732',1,2,0),('50884239',2,1,1);
/*!40000 ALTER TABLE `matricula` ENABLE KEYS */;
UNLOCK TABLES;

--
-- Table structure for table `profesor`
--

DROP TABLE IF EXISTS `profesor`;
/*!40101 SET @saved_cs_client     = @@character_set_client */;
/*!50503 SET character_set_client = utf8mb4 */;
CREATE TABLE `profesor` (
  `CODIGO` varchar(15) NOT NULL,
  `NOMBRE` varchar(90) DEFAULT NULL,
  `DIRECCION` varchar(180) DEFAULT NULL,
  `LOCALIDAD` varchar(45) DEFAULT NULL,
  `CPOSTAL` varchar(30) DEFAULT NULL,
  `TELEFONO` varchar(72) DEFAULT NULL,
  `CORREO` varchar(100) DEFAULT NULL,
  PRIMARY KEY (`CODIGO`)
) ENGINE=InnoDB DEFAULT CHARSET=latin1;
/*!40101 SET character_set_client = @saved_cs_client */;

--
-- Dumping data for table `profesor`
--

LOCK TABLES `profesor` WRITE;
/*!40000 ALTER TABLE `profesor` DISABLE KEYS */;
INSERT INTO `profesor` VALUES ('ALFKI','Maria Anders','Obere Str. 57','Berlín','12209','030-0074321','Marianders@GMAIL.COM'),('ANATR','Ana Trujillo','Avda. de la Constitución 2222','México D.F.','05021','(5) 555-4729','Ana Tjillo@GMAIL.COM'),('ANTON','Antonio Moreno','Mataderos  2312','México D.F.','05023','(5) 555-3932','Antonoreno@GMAIL.COM'),('AROUT','Thomas Hardy','120 Hanover Sq.','Londres','WA1 1DP','(71) 555-7788','ThomaHardy@GMAIL.COM'),('BERGS','Thomas Hardy','Berguvsvägen  8','Luleå','S-958 22','0921-12 34 65','ThomaHardy@GMAIL.COM'),('BLAUS','Hanna Moos','Forsterstr. 57','Mannheim','68306','0621-08460','Hanna Moos@GMAIL.COM'),('BLONP','Frédérique Citeaux','24, place Kléber','Estrasburgo','67000','88.60.15.31','Frédéteaux@GMAIL.COM'),('BOLID','Martín Sommer','C/ Araquil, 67','Madrid','28023','(91) 555 22 82','Martíommer@GMAIL.COM'),('BONAP','Laurence Lebihan','12, rue des Bouchers','Marsella','13008','91.24.45.40','Laurebihan@GMAIL.COM'),('BOTTM','Elizabeth Lincoln','23 Tsawassen Blvd.','Tsawassen','T2F 8M4','(604) 555-4729','Elizancoln@GMAIL.COM'),('BSBEV','Victoria Ashworth','Fauntleroy Circus','Londres','EC2 5NT','(71) 555-1212','Victoworth@GMAIL.COM'),('CACTU','Patricio Simpson','Cerrito 333','Buenos Aires','1010','(1) 135-5555','Patrimpson@GMAIL.COM'),('CENTC','Francisco Chang','Sierras de Granada 9993','México D.F.','05022','(5) 555-3392','FrancChang@GMAIL.COM'),('CHOPS','Yang Wang','Hauptstr. 29','Berna','3012','0452-076545','Yang  Wang@GMAIL.COM'),('COMMI','Pedro Afonso','Av. dos Lusíadas, 23','São Paulo','05432-043','(11) 555-7647','Pedrofonso@GMAIL.COM'),('CONSH','Elizabeth Brown','Berkeley Gardens\r\n12  Brewery ','Londres','WX1 6LT','(71) 555-2282','ElizaBrown@GMAIL.COM'),('DRACD','Sven Ottlieb','Walserweg 21','Aachen','52066','0241-039123','Sven tlieb@GMAIL.COM'),('DUMON','Janine Labrune','67, rue des Cinquante Otages','Nantes','44000','40.67.88.88','Janinbrune@GMAIL.COM'),('EASTC','Ann Devon','35 King George','Londres','WX3 6FW','(71) 555-0297','Ann DDevon@GMAIL.COM'),('ERNSH','Roland Mendel','Kirchgasse 6','Graz','8010','7675-3425','Rolanendel@GMAIL.COM'),('FAMIA','Aria Cruz','Rua Orós, 92','Sao Paulo','05442-030','(11) 555-9857','Aria  Cruz@GMAIL.COM'),('FISSA','Diego Roel','C/ Moralzarzal, 86','Madrid','28034','(91) 555 94 44','Diego Roel@GMAIL.COM'),('FOLIG','Martine Rancé','184, chaussée de Tournai','Lille','59000','20.16.10.16','MartiRancé@GMAIL.COM'),('FOLKO','Maria Larsson','Åkergatan 24','Bräcke','S-844 67','0695-34 67 21','Mariarsson@GMAIL.COM'),('FRANK','Peter Franken','Berliner Platz 43','München','80805','089-0877310','Peteranken@GMAIL.COM'),('FRANR','Carine Schmitt','54, rue Royale','Nantes','44000','40.32.21.21','Carinhmitt@GMAIL.COM'),('FRANS','Paolo Accorti','Via Monte Bianco 34','Torino','10100','011-4988260','Paolocorti@GMAIL.COM'),('FURIB','Lino Rodriguez Larsson','Jardim das rosas n. 32','Lisboa','1675','(1) 354-2534','Lino rsson@GMAIL.COM'),('GALED','Eduardo Saavedra','Rambla de Cataluña, 23','Barcelona','08022','(93) 203 4560','Eduarvedra@GMAIL.COM'),('GODOS','José Pedro Freyre','C/ Romero, 33','Sevilla','41101','(95) 555 82 82','José reyre@GMAIL.COM'),('GOURL','André Fonseca','Av. Brasil, 442','Campinas','04876-786','(11) 555-9482','Andrénseca@GMAIL.COM'),('GREAL','Howard Snyder','2732 Baker Blvd.','Eugenia','97403','(503) 555-7555','Howarnyder@GMAIL.COM'),('GROSR','Manuel Pereira','5ª Ave. Los Palos Grandes','Caracas','1081','(2) 283-2951','Manuereira@GMAIL.COM'),('HANAR','Mario Pontes','Rua do Paço, 67','Rio de Janeiro','05454-876','(21) 555-0091','Marioontes@GMAIL.COM'),('HILAA','Carlos Hernández','Carrera 22 con Ave. Carlos Soublette #8-35','San Cristóbal','5022','(5) 555-1340','Carloández@GMAIL.COM'),('HUNGC','Yoshi Latimer','City Center Plaza\r\n516 Main St.','Elgin','97827','(503) 555-6874','Yoshitimer@GMAIL.COM'),('HUNGO','Patricia McKenna','8 Johnstown Road','Cork',NULL,'2967 542','PatriKenna@GMAIL.COM'),('ISLAT','Helen Bennett','Garden House\r\nCrowther Way','Cowes','PO31 7PJ','(198) 555-8888','Helennnett@GMAIL.COM'),('KOENE','Philip Cramer','Maubelstr. 90','Brandenburgo','14776','0555-09876','Philiramer@GMAIL.COM'),('LACOR','Daniel Tonini','67, avenue de l\'Europe','Versalles','78000','30.59.84.10','Danieonini@GMAIL.COM'),('LAMAI','Annette Roulet','1 rue Alsace-Lorraine','Toulouse','31000','61.77.61.10','Annetoulet@GMAIL.COM'),('LAUGB','Yoshi Tannamuri','1900 Oak St.','Vancouver','V3F 2K1','(604) 555-3392','Yoshiamuri@GMAIL.COM'),('LAZYK','John Steel','12 Orchestra Terrace','Walla Walla','99362','(509) 555-7969','John Steel@GMAIL.COM'),('LEHMS','Renate Messner','Magazinweg 7','Francfurt','60528','069-0245984','Renatssner@GMAIL.COM'),('LETSS','Jaime Yorres','87 Polk St.\r\nSuite 5','San Francisco','94117','(415) 555-5938','Jaimeorres@GMAIL.COM'),('LILAS','Carlos González','Carrera 52 con Ave. Bolívar #65-98 Llano Largo','Barquisimeto','3508','(9) 331-6954','Carlozález@GMAIL.COM'),('LINOD','Felipe Izquierdo','Ave. 5 de Mayo Porlamar','I. de Margarita','4980','(8) 34-56-12','Felipierdo@GMAIL.COM'),('LONEP','Fran Wilson','89 Chiaroscuro Rd.','Portland','97219','(503) 555-9573','Fran ilson@GMAIL.COM'),('MAGAA','Giovanni Rovelli','Via Ludovico il Moro 22','Bérgamo','24100','035-640230','Giovavelli@GMAIL.COM'),('MAISD','Catherine Dewey','Rue Joseph-Bens 532','Bruselas','B-1180','(02) 201 24 67','CatheDewey@GMAIL.COM'),('MEREP','Jean Fresnière','43 rue St. Laurent','Montreal','H1J 1C3','(514) 555-8054','Jean nière@GMAIL.COM'),('MORGK','Alexander Feuer','Heerstr. 22','Leipzig','04179','0342-023176','AlexaFeuer@GMAIL.COM'),('NORTS','Simon Crowther','South House\r\n300 Queensbridge','Londres','SW7 1RZ','(71) 555-7733','Simonwther@GMAIL.COM'),('OCEAN','Yvonne Moncada','Ing. Gustavo Moncada 8585\r\nPiso 20-A','Buenos Aires','1010','(1) 135-5333','Yvonnncada@GMAIL.COM'),('OLDWO','Rene Phillips','2743 Bering St.','Anchorage','99508','(907) 555-7584','Rene llips@GMAIL.COM'),('OTTIK','Henriette Pfalzheim Larsson','Mehrheimerstr. 369','Köln','50739','0221-0644327','Henrirsson@GMAIL.COM'),('PARIS','Marie Bertrand','265, boulevard Charonne','París','75012','(1) 42.34.22.66','Marietrand@GMAIL.COM'),('PERIC','Guillermo Fernández','Calle Dr. Jorge Cash 321','México D.F.','05033','(5) 552-3745','Guillández@GMAIL.COM'),('PICCO','Georg Pipps','Geislweg 14','Salzburgo','5020','6562-9722','GeorgPipps@GMAIL.COM'),('PRINI','Isabel de Castro','Estrada da saúde n. 58','Lisboa','1756','(1) 356-5634','Isabeastro@GMAIL.COM'),('QUEDE','Bernardo Batista','Rua da Panificadora, 12','Rio de Janeiro','02389-673','(21) 555-4252','Bernatista@GMAIL.COM'),('QUEEN','Lúcia Carvalho','Alameda dos Canàrios, 891','Sao Paulo','05487-020','(11) 555-1189','Lúciavalho@GMAIL.COM'),('QUICK','Horst Kloss','Taucherstraße 10','Cunewalde','01307','0372-035188','HorstKloss@GMAIL.COM'),('RANCH','Sergio Gutiérrez','Av. del Libertador 900','Buenos Aires','1010','(1) 123-5555','Sergiérrez@GMAIL.COM'),('RATTC','Paula Wilson','2817 Milton Dr.','Albuquerque','87110','(505) 555-5939','Paulailson@GMAIL.COM'),('REGGC','Maurizio Moroni','Strada Provinciale 124','Reggio Emilia','42100','0522-556721','Maurioroni@GMAIL.COM'),('RICAR','Janete Limeira','Av. Copacabana, 267','Rio de Janeiro','02389-890','(21) 555-3412','Janetmeira@GMAIL.COM'),('RICSU','Michael Holz','Grenzacherweg 237','Génova','1203','0897-034214','Micha Holz@GMAIL.COM'),('ROMEY','Alejandra Camino','Gran Vía, 1','Madrid','28001','(91) 745 6200','Alejaamino@GMAIL.COM'),('SANTG','Jonas Bergulfsen','Erling Skakkes gate 78','Stavern','4110','07-98 92 35','Jonaslfsen@GMAIL.COM'),('SAVEA','Jose Pavarotti','187 Suffolk Ln.','Boise','83720','(208) 555-8097','Jose rotti@GMAIL.COM'),('SEVES','Hari Kumar','90 Wadhurst Rd.','Londres','OX15 4NB','(71) 555-1717','Hari Kumar@GMAIL.COM'),('SIMOB','Jytte Petersen','Vinbæltet 34','København','1734','31 12 34 56','Jytteersen@GMAIL.COM'),('SPECD','Dominique Perrier','25, rue Lauriston','París','75016','(1) 47.55.60.10','Dominrrier@GMAIL.COM'),('SPLIR','Art Braunschweiger','P.O. Box 555','Lander','82520','(307) 555-4680','Art Beiger@GMAIL.COM'),('SUPRD','Pascale Cartrain','Boulevard Tirou, 255','Charleroi','B-6000','(071) 23 67 22 20','Pascatrain@GMAIL.COM'),('THEBI','Liz Nixon','89 Jefferson Way\r\nSuite 2','Portland','97201','(503) 555-3612','Liz NNixon@GMAIL.COM'),('THECR','Liu Wong','55 Grizzly Peak Rd.','Butte','59801','(406) 555-5834','Liu W Wong@GMAIL.COM'),('TOMSP','Karin Josephs','Luisenstr. 48','Münster','44087','0251-031259','Karinsephs@GMAIL.COM'),('TORTU','Miguel Angel Paolino','Avda. Azteca 123','México D.F.','05033','(5) 555-2933','Migueolino@GMAIL.COM'),('TRADH','Anabela Domingues','Av. Inês de Castro, 414','Sao Paulo','05634-030','(11) 555-2167','Anabengues@GMAIL.COM'),('TRAIH','Helvetius Nagy','722 DaVinci Blvd.','Kirkland','98034','(206) 555-8257','Helve Nagy@GMAIL.COM'),('VAFFE','Palle Ibsen','Smagsløget 45','Århus','8200','86 21 32 43','PalleIbsen@GMAIL.COM'),('VICTE','Mary Saveley','2, rue du Commerce','Lion','69004','78.32.54.86','Mary veley@GMAIL.COM'),('VINET','Paul Henriot','59 rue de l\'Abbaye','Reims','51100','26.47.15.10','Paul nriot@GMAIL.COM'),('WANDK','Rita Müller','Adenauerallee 900','Stuttgart','70563','0711-020361','Rita üller@GMAIL.COM'),('WARTH','Pirkko Koskitalo','Torikatu 38','Oulu','90110','981-443655','Pirkkitalo@GMAIL.COM'),('WELLI','Paula Parente','Rua do Mercado, 12','Resende','08737-363','(14) 555-8122','Paularente@GMAIL.COM'),('WHITC','Karl Jablonski','305 - 14th Ave. S.\r\nSuite 3B','Seattle','98128','(206) 555-4112','Karl onski@GMAIL.COM'),('WILMK','Matti Karttunen','Keskuskatu 45','Helsinki','21240','90-224 8858','Mattitunen@GMAIL.COM'),('WOLZA','Zbyszek Piestrzeniewicz','ul. Filtrowa 68','Warszawa','01-012','(26) 642-7012','Zbyszewicz@GMAIL.COM');
/*!40000 ALTER TABLE `profesor` ENABLE KEYS */;
UNLOCK TABLES;
/*!40103 SET TIME_ZONE=@OLD_TIME_ZONE */;

/*!40101 SET SQL_MODE=@OLD_SQL_MODE */;
/*!40014 SET FOREIGN_KEY_CHECKS=@OLD_FOREIGN_KEY_CHECKS */;
/*!40014 SET UNIQUE_CHECKS=@OLD_UNIQUE_CHECKS */;
/*!40101 SET CHARACTER_SET_CLIENT=@OLD_CHARACTER_SET_CLIENT */;
/*!40101 SET CHARACTER_SET_RESULTS=@OLD_CHARACTER_SET_RESULTS */;
/*!40101 SET COLLATION_CONNECTION=@OLD_COLLATION_CONNECTION */;
/*!40111 SET SQL_NOTES=@OLD_SQL_NOTES */;

-- Dump completed on 2023-02-08 21:02:44

#Base de datos cursosformacion
#1. Muestrame los alumnos matriculados en cursos de guitarra.
#Ordenados alfabéticamente por el nombre.

SELECT  alumno.NOMBRE, curso.NOMBRE FROM alumno INNER JOIN matricula ON alumno.DNI= matricula.DNIALUMNO INNER JOIN curso 
ON matricula.CODCURSO = curso.CODIGO WHERE curso.NOMBRE LIKE '%Guitarra%';

#2 Cuantas ediciones tiene el curso de Entrenador Personal
#Las filas que cumple esto

SELECT Count(*) FROM curso INNER JOIN edicion ON curso.codigo = edicion.CODCURSO 
WHERE curso.NOMBRE LIKE '%Entrenador personal%';

#3.Muestrame las ediciones de cursos que ha impartido la profesora Antonio Moreno.

SELECT profesor.NOMBRE, edicion.NUMEROEDICION FROM profesor INNER JOIN edicion ON profesor.CODIGO = edicion.PROFESOR
WHERE profesor.NOMBRE LIKE '%Antonio Moreno%';


#4. Muestrame nombre y localidad de los alumnos que no han pagado.

SELECT alumno.NOMBRE, alumno.LOCALIDAD, matricula.PAGADO FROM alumno INNER JOIN matricula ON alumno.DNI = matricula.DNIALUMNO 
WHERE matricula.PAGADO  = 0; 


#5 Muestrame el número de cursos en los que está matriculada MARTA ROJAS

SELECT count(*) FROM alumno INNER JOIN matricula ON alumno.DNI = matricula.DNIALUMNO
WHERE alumno.NOMBRE = 'ROJAS GARCIA, MARTA';

#6 Mostrar los alumnos no matriculados

    SELECT *
    from alumno left join matricula
    ON alumno.DNI = matricula.DNIALUMNO
    WHERE matricula.DNIALUMNO is null;


#7 El anterior pero el número de alumnos

  SELECT count(*)
    from alumno left join matricula
    ON alumno.DNI = matricula.DNIALUMNO
    WHERE matricula.DNIALUMNO is null;

